date,id,num_lightnings,pixels_with_lightning
2008-01-02,0,360.0,61.0
2008-01-03,1,2552.0,436.0
2008-01-04,2,1410.0,218.0
2008-01-05,3,649.0,143.0
2008-01-06,4,856.0,110.0
2008-01-07,5,84.0,16.0
2008-01-08,6,228.0,45.0
2008-01-09,7,99.0,17.0
2008-01-10,8,102.0,12.0
2008-01-11,9,837.0,157.0
2008-01-12,10,6840.0,740.0
2008-01-13,11,3526.0,539.0
2008-01-14,12,5103.0,623.0
2008-01-15,13,907.0,141.0
2008-01-16,14,9762.0,1179.0
2008-01-17,15,3170.0,507.0
2008-01-18,16,1454.0,209.0
2008-01-19,17,86.0,13.0
2008-01-20,18,4.0,0.0
2008-01-21,19,110.0,20.0
2008-01-22,20,364.0,82.0
2008-01-23,21,9600.0,832.0
2008-01-24,22,1539.0,197.0
2008-01-25,23,85.0,22.0
2008-01-26,24,446.0,85.0
2008-01-27,25,13.0,1.0
2008-01-28,26,81.0,10.0
2008-01-29,27,7.0,0.0
2008-01-30,28,103.0,16.0
2008-01-31,29,1153.0,218.0
2008-02-01,30,1340.0,148.0
2008-02-02,31,3594.0,467.0
2008-02-03,32,7677.0,730.0
2008-02-04,33,3992.0,618.0
2008-02-05,34,4755.0,569.0
2008-02-06,35,2203.0,276.0
2008-02-07,36,4049.0,452.0
2008-02-08,37,2569.0,274.0
2008-02-09,38,283.0,51.0
2008-02-10,39,278.0,48.0
2008-02-11,40,803.0,140.0
2008-02-12,41,780.0,132.0
2008-02-13,42,1390.0,156.0
2008-02-14,43,288.0,42.0
2008-02-15,44,38.0,6.0
2008-02-16,45,158.0,30.0
2008-02-17,46,1290.0,150.0
2008-02-18,47,8026.0,665.0
2008-02-19,48,3966.0,514.0
2008-02-20,49,188.0,25.0
2008-02-21,50,1203.0,169.0
2008-02-22,51,872.0,159.0
2008-02-23,52,492.0,90.0
2008-02-24,53,2384.0,271.0
2008-02-25,54,826.0,114.0
2008-02-26,55,263.0,22.0
2008-02-27,56,47.0,9.0
2008-02-28,57,3943.0,347.0
2008-02-29,58,1527.0,127.0
2008-03-01,59,20216.0,1138.0
2008-03-02,60,88.0,18.0
2008-03-03,61,474.0,85.0
2008-03-04,62,2172.0,355.0
2008-03-05,63,10595.0,1352.0
2008-03-06,64,6057.0,691.0
2008-03-07,65,2745.0,366.0
2008-03-08,66,5271.0,713.0
2008-03-09,67,2084.0,305.0
2008-03-10,68,6006.0,750.0
2008-03-11,69,4045.0,609.0
2008-03-12,70,4516.0,649.0
2008-03-13,71,697.0,118.0
2008-03-14,72,39.0,8.0
2008-03-15,73,2902.0,328.0
2008-03-16,74,578.0,110.0
2008-03-17,75,4057.0,515.0
2008-03-18,76,2693.0,396.0
2008-03-19,77,3246.0,385.0
2008-03-20,78,10011.0,814.0
2008-03-21,79,1670.0,316.0
2008-03-22,80,3209.0,502.0
2008-03-23,81,9335.0,1277.0
2008-03-24,82,20061.0,1935.0
2008-03-25,83,2506.0,424.0
2008-03-26,84,13900.0,969.0
2008-03-27,85,18766.0,1630.0
2008-03-28,86,7885.0,851.0
2008-03-29,87,1875.0,292.0
2008-03-30,88,6046.0,485.0
2008-03-31,89,6673.0,700.0
2008-04-01,90,3019.0,370.0
2008-04-02,91,18117.0,1043.0
2008-04-03,92,27756.0,1145.0
2008-04-04,93,4607.0,550.0
2008-04-05,94,1786.0,245.0
2008-04-06,95,4431.0,544.0
2008-04-07,96,7827.0,863.0
2008-04-08,97,230.0,40.0
2008-04-09,98,8883.0,1023.0
2008-04-10,99,22551.0,1230.0
2008-04-11,100,23421.0,1717.0
2008-04-12,101,14938.0,1229.0
2008-04-13,102,5987.0,717.0
2008-04-14,103,13611.0,1308.0
2008-04-15,104,24484.0,1885.0
2008-04-16,105,3087.0,388.0
2008-04-17,106,8848.0,722.0
2008-04-18,107,9341.0,876.0
2008-04-19,108,21405.0,1445.0
2008-04-20,109,10596.0,1265.0
2008-04-21,110,15714.0,1182.0
2008-04-22,111,34531.0,2037.0
2008-04-23,112,7063.0,719.0
2008-04-24,113,8076.0,557.0
2008-04-25,114,10048.0,767.0
2008-04-26,115,26998.0,1558.0
2008-04-27,116,19027.0,1246.0
2008-04-28,117,5592.0,795.0
2008-04-29,118,1906.0,240.0
2008-04-30,119,8509.0,920.0
2008-05-01,120,16738.0,1518.0
2008-05-02,121,8935.0,911.0
2008-05-03,122,12724.0,1200.0
2008-05-04,123,39117.0,2092.0
2008-05-05,124,39930.0,2205.0
2008-05-06,125,23977.0,1508.0
2008-05-07,126,19013.0,1303.0
2008-05-08,127,26740.0,2012.0
2008-05-09,128,28277.0,1601.0
2008-05-10,129,17207.0,1606.0
2008-05-11,130,31407.0,1970.0
2008-05-12,131,41499.0,2604.0
2008-05-13,132,29870.0,2128.0
2008-05-14,133,46087.0,2706.0
2008-05-15,134,74455.0,4313.0
2008-05-16,135,58863.0,3148.0
2008-05-17,136,41197.0,3016.0
2008-05-18,137,103252.0,4629.0
2008-05-19,138,96393.0,4681.0
2008-05-20,139,73865.0,2953.0
2008-05-21,140,49205.0,2348.0
2008-05-22,141,27334.0,1763.0
2008-05-23,142,11053.0,1177.0
2008-05-24,143,16905.0,1741.0
2008-05-25,144,7462.0,1216.0
2008-05-26,145,11549.0,1360.0
2008-05-27,146,52343.0,2350.0
2008-05-28,147,41358.0,2674.0
2008-05-29,148,78934.0,3180.0
2008-05-30,149,121095.0,3531.0
2008-05-31,150,113254.0,4451.0
2008-06-01,151,90667.0,3228.0
2008-06-02,152,138309.0,4714.0
2008-06-03,153,133901.0,4947.0
2008-06-04,154,107119.0,4294.0
2008-06-05,155,50783.0,2807.0
2008-06-06,156,43601.0,2333.0
2008-06-07,157,92768.0,4536.0
2008-06-08,158,62207.0,4060.0
2008-06-09,159,88730.0,4475.0
2008-06-10,160,148665.0,5973.0
2008-06-11,161,189909.0,7566.0
2008-06-12,162,104942.0,4001.0
2008-06-13,163,81592.0,3108.0
2008-06-14,164,29242.0,1697.0
2008-06-15,165,17109.0,1765.0
2008-06-16,166,30998.0,2886.0
2008-06-17,167,35976.0,2538.0
2008-06-18,168,33545.0,1620.0
2008-06-19,169,1907.0,221.0
2008-06-20,170,27324.0,1576.0
2008-06-21,171,19030.0,1282.0
2008-06-22,172,98628.0,3704.0
2008-06-23,173,120135.0,4970.0
2008-06-24,174,77125.0,2231.0
2008-06-25,175,105785.0,3109.0
2008-06-26,176,85948.0,3122.0
2008-06-27,177,169100.0,5808.0
2008-06-28,178,9655.0,772.0
2008-06-29,179,80386.0,2407.0
2008-06-30,180,87485.0,3997.0
2008-07-01,181,93216.0,3504.0
2008-07-02,182,164737.0,5203.0
2008-07-03,183,148482.0,5053.0
2008-07-04,184,94868.0,3587.0
2008-07-05,185,34160.0,2145.0
2008-07-06,186,91172.0,3539.0
2008-07-07,187,71369.0,3950.0
2008-07-08,188,45394.0,3018.0
2008-07-09,189,22563.0,2100.0
2008-07-10,190,16040.0,1063.0
2008-07-11,191,136332.0,4492.0
2008-07-12,192,129319.0,5634.0
2008-07-13,193,159189.0,5064.0
2008-07-14,194,118606.0,5697.0
2008-07-15,195,27896.0,1876.0
2008-07-16,196,27724.0,2359.0
2008-07-17,197,26882.0,2257.0
2008-07-18,198,24494.0,1709.0
2008-07-19,199,39499.0,3188.0
2008-07-20,200,55907.0,3705.0
2008-07-21,201,41318.0,2471.0
2008-07-22,202,98343.0,3516.0
2008-07-23,203,19048.0,1425.0
2008-07-24,204,37854.0,1664.0
2008-07-25,205,73659.0,2811.0
2008-07-26,206,105577.0,4414.0
2008-07-27,207,80804.0,3483.0
2008-07-28,208,103179.0,4333.0
2008-07-29,209,75951.0,2994.0
2008-07-30,210,114966.0,3674.0
2008-07-31,211,72309.0,3007.0
2008-08-01,212,147234.0,5097.0
2008-08-02,213,122110.0,3195.0
2008-08-03,214,21949.0,1722.0
2008-08-04,215,49067.0,2281.0
2008-08-05,216,29095.0,962.0
2008-08-06,217,67437.0,1784.0
2008-08-07,218,113652.0,4594.0
2008-08-08,219,137698.0,5706.0
2008-08-09,220,44626.0,1800.0
2008-08-10,221,48256.0,905.0
2008-08-11,222,28327.0,1376.0
2008-08-12,223,33983.0,1866.0
2008-08-13,224,25496.0,2364.0
2008-08-14,225,17783.0,1729.0
2008-08-15,226,304439.0,6818.0
2008-08-16,227,96132.0,3530.0
2008-08-17,228,12999.0,751.0
2008-08-18,229,1678.0,182.0
2008-08-19,230,32057.0,1568.0
2008-08-20,231,5187.0,524.0
2008-08-21,232,4458.0,632.0
2008-08-22,233,33663.0,2067.0
2008-08-23,234,55773.0,2793.0
2008-08-24,235,29110.0,1672.0
2008-08-25,236,15014.0,329.0
2008-08-26,237,24707.0,744.0
2008-08-27,238,55157.0,2083.0
2008-08-28,239,90196.0,2830.0
2008-08-29,240,49541.0,2240.0
2008-08-30,241,34892.0,1683.0
2008-08-31,242,72610.0,2446.0
2008-09-01,243,59613.0,2254.0
2008-09-02,244,41047.0,1884.0
2008-09-03,245,60340.0,2841.0
2008-09-04,246,72666.0,3015.0
2008-09-05,247,17731.0,1319.0
2008-09-06,248,20852.0,1225.0
2008-09-07,249,30379.0,1942.0
2008-09-08,250,23454.0,1607.0
2008-09-09,251,38038.0,1598.0
2008-09-10,252,26389.0,1087.0
2008-09-11,253,67109.0,2710.0
2008-09-12,254,181984.0,3982.0
2008-09-13,255,117823.0,3280.0
2008-09-14,256,225834.0,3908.0
2008-09-15,257,134752.0,2239.0
2008-09-16,258,15034.0,699.0
2008-09-17,259,4911.0,195.0
2008-09-18,260,9279.0,660.0
2008-09-19,261,7740.0,707.0
2008-09-20,262,6390.0,504.0
2008-09-21,263,46756.0,2169.0
2008-09-22,264,68202.0,2288.0
2008-09-23,265,33907.0,1641.0
2008-09-24,266,33972.0,1375.0
2008-09-25,267,27360.0,1370.0
2008-09-26,268,14190.0,1311.0
2008-09-27,269,20208.0,1605.0
2008-09-28,270,34272.0,1572.0
2008-09-29,271,24807.0,988.0
2008-09-30,272,9766.0,988.0
2008-10-01,273,17353.0,549.0
2008-10-02,274,25827.0,1295.0
2008-10-03,275,50073.0,2998.0
2008-10-04,276,48379.0,2518.0
2008-10-05,277,1495.0,194.0
2008-10-06,278,1135.0,76.0
2008-10-07,279,1114.0,159.0
2008-10-08,280,54825.0,2191.0
2008-10-09,281,67325.0,2169.0
2008-10-10,282,5632.0,713.0
2008-10-11,283,53731.0,1671.0
2008-10-12,284,21175.0,1100.0
2008-10-13,285,12796.0,584.0
2008-10-14,286,20332.0,841.0
2008-10-15,287,5414.0,329.0
2008-10-16,288,8895.0,671.0
2008-10-17,289,35445.0,1404.0
2008-10-18,290,46485.0,2041.0
2008-10-19,291,16094.0,1083.0
2008-10-20,292,9002.0,478.0
2008-10-21,293,9832.0,840.0
2008-10-22,294,48042.0,1438.0
2008-10-23,295,15875.0,747.0
2008-10-24,296,22945.0,823.0
2008-10-25,297,15331.0,758.0
2008-10-26,298,68133.0,1096.0
2008-10-27,299,4805.0,381.0
2008-10-28,300,50094.0,2401.0
2008-10-29,301,21084.0,1461.0
2008-10-30,302,17150.0,1835.0
2008-10-31,303,5833.0,752.0
2008-11-01,304,6860.0,963.0
2008-11-02,305,24743.0,1776.0
2008-11-03,306,8983.0,940.0
2008-11-04,307,46651.0,2544.0
2008-11-05,308,66273.0,2892.0
2008-11-06,309,83418.0,3321.0
2008-11-07,310,15448.0,1264.0
2008-11-08,311,11031.0,752.0
2008-11-09,312,10796.0,883.0
2008-11-10,313,6941.0,704.0
2008-11-11,314,1278.0,197.0
2008-11-12,315,24963.0,1796.0
2008-11-13,316,68105.0,4393.0
2008-11-14,317,40721.0,3198.0
2008-11-15,318,78115.0,3760.0
2008-11-16,319,26352.0,2151.0
2008-11-17,320,33374.0,2721.0
2008-11-18,321,25923.0,2027.0
2008-11-19,322,4908.0,629.0
2008-11-20,323,439.0,63.0
2008-11-21,324,1822.0,327.0
2008-11-22,325,4272.0,382.0
2008-11-23,326,244.0,33.0
2008-11-24,327,6480.0,898.0
2008-11-25,328,6744.0,960.0
2008-11-26,329,4533.0,614.0
2008-11-27,330,11818.0,780.0
2008-11-28,331,22626.0,1689.0
2008-11-29,332,3922.0,669.0
2008-11-30,333,10790.0,1310.0
2008-12-01,334,11712.0,1537.0
2008-12-02,335,10025.0,1195.0
2008-12-03,336,8517.0,871.0
2008-12-04,337,13166.0,860.0
2008-12-05,338,712.0,119.0
2008-12-06,339,3258.0,463.0
2008-12-07,340,775.0,145.0
2008-12-08,341,245.0,44.0
2008-12-09,342,10017.0,571.0
2008-12-10,343,12901.0,1283.0
2008-12-11,344,27431.0,2181.0
2008-12-12,345,2289.0,324.0
2008-12-13,346,351.0,60.0
2008-12-14,347,8615.0,1183.0
2008-12-15,348,5346.0,791.0
2008-12-16,349,1223.0,206.0
2008-12-17,350,3091.0,451.0
2008-12-18,351,5934.0,842.0
2008-12-19,352,2413.0,460.0
2008-12-20,353,5624.0,645.0
2008-12-21,354,1292.0,236.0
2008-12-22,355,1130.0,145.0
2008-12-23,356,25.0,4.0
2008-12-24,357,4.0,0.0
2008-12-25,358,64.0,8.0
2008-12-26,359,3465.0,466.0
2008-12-27,360,6234.0,703.0
2008-12-28,361,1719.0,179.0
2008-12-29,362,5150.0,466.0
2008-12-30,363,494.0,76.0
2008-12-31,364,51.0,9.0
2009-01-01,365,21.0,3.0
2009-01-02,366,151.0,28.0
2009-01-03,367,8058.0,763.0
2009-01-04,368,2523.0,366.0
2009-01-05,369,11535.0,1021.0
2009-01-06,370,957.0,151.0
2009-01-07,371,4187.0,347.0
2009-01-08,372,10140.0,820.0
2009-01-09,373,9451.0,886.0
2009-01-10,374,9104.0,629.0
2009-01-11,375,908.0,155.0
2009-01-12,376,951.0,148.0
2009-01-13,377,25896.0,1511.0
2009-01-14,378,5322.0,424.0
2009-01-15,379,888.0,165.0
2009-01-16,380,265.0,44.0
2009-01-17,381,284.0,49.0
2009-01-18,382,399.0,67.0
2009-01-19,383,490.0,82.0
2009-01-20,384,1276.0,247.0
2009-01-21,385,1604.0,248.0
2009-01-22,386,5131.0,527.0
2009-01-23,387,1673.0,263.0
2009-01-24,388,1167.0,191.0
2009-01-25,389,2944.0,469.0
2009-01-26,390,4837.0,765.0
2009-01-27,391,8757.0,1312.0
2009-01-28,392,5050.0,667.0
2009-01-29,393,4558.0,527.0
2009-01-30,394,273.0,35.0
2009-01-31,395,1662.0,273.0
2009-02-01,396,22264.0,1557.0
2009-02-02,397,485.0,80.0
2009-02-03,398,1087.0,117.0
2009-02-04,399,2154.0,332.0
2009-02-05,400,5523.0,622.0
2009-02-06,401,6880.0,777.0
2009-02-07,402,3992.0,667.0
2009-02-08,403,8649.0,1261.0
2009-02-09,404,5049.0,729.0
2009-02-10,405,719.0,150.0
2009-02-11,406,10048.0,1407.0
2009-02-12,407,7079.0,1164.0
2009-02-13,408,8249.0,1308.0
2009-02-14,409,3253.0,543.0
2009-02-15,410,2043.0,327.0
2009-02-16,411,364.0,70.0
2009-02-17,412,128.0,24.0
2009-02-18,413,1744.0,288.0
2009-02-19,414,251.0,41.0
2009-02-20,415,141.0,23.0
2009-02-21,416,55.0,7.0
2009-02-22,417,1405.0,230.0
2009-02-23,418,917.0,146.0
2009-02-24,419,2828.0,363.0
2009-02-25,420,1458.0,173.0
2009-02-26,421,243.0,38.0
2009-02-27,422,161.0,24.0
2009-02-28,423,340.0,64.0
2009-03-01,424,247.0,41.0
2009-03-02,425,814.0,111.0
2009-03-03,426,1262.0,210.0
2009-03-04,427,12242.0,1198.0
2009-03-05,428,15637.0,2047.0
2009-03-06,429,18718.0,2254.0
2009-03-07,430,7794.0,1165.0
2009-03-08,431,2507.0,375.0
2009-03-09,432,3294.0,374.0
2009-03-10,433,303.0,58.0
2009-03-11,434,3008.0,381.0
2009-03-12,435,1373.0,201.0
2009-03-13,436,682.0,125.0
2009-03-14,437,30.0,4.0
2009-03-15,438,1497.0,96.0
2009-03-16,439,1452.0,191.0
2009-03-17,440,603.0,121.0
2009-03-18,441,1123.0,170.0
2009-03-19,442,5426.0,527.0
2009-03-20,443,15509.0,1541.0
2009-03-21,444,10246.0,1193.0
2009-03-22,445,4204.0,648.0
2009-03-23,446,1810.0,336.0
2009-03-24,447,4628.0,548.0
2009-03-25,448,12264.0,880.0
2009-03-26,449,1684.0,189.0
2009-03-27,450,533.0,95.0
2009-03-28,451,3229.0,453.0
2009-03-29,452,2598.0,431.0
2009-03-30,453,13901.0,1299.0
2009-03-31,454,7175.0,805.0
2009-04-01,455,6183.0,683.0
2009-04-02,456,14456.0,883.0
2009-04-03,457,11532.0,799.0
2009-04-04,458,11994.0,982.0
2009-04-05,459,13887.0,1074.0
2009-04-06,460,13944.0,1029.0
2009-04-07,461,16354.0,1389.0
2009-04-08,462,16179.0,1251.0
2009-04-09,463,8393.0,768.0
2009-04-10,464,19001.0,1377.0
2009-04-11,465,24212.0,1653.0
2009-04-12,466,13459.0,878.0
2009-04-13,467,8042.0,828.0
2009-04-14,468,9898.0,857.0
2009-04-15,469,17786.0,1460.0
2009-04-16,470,17489.0,1484.0
2009-04-17,471,14482.0,1127.0
2009-04-18,472,17698.0,1404.0
2009-04-19,473,15498.0,1355.0
2009-04-20,474,15879.0,1214.0
2009-04-21,475,14786.0,1257.0
2009-04-22,476,7879.0,506.0
2009-04-23,477,14662.0,1023.0
2009-04-24,478,5718.0,488.0
2009-04-25,479,8409.0,720.0
2009-04-26,480,3845.0,403.0
2009-04-27,481,5225.0,594.0
2009-04-28,482,7701.0,693.0
2009-04-29,483,20673.0,1330.0
2009-04-30,484,43603.0,2747.0
2009-05-01,485,50416.0,2869.0
2009-05-02,486,17619.0,1273.0
2009-05-03,487,19691.0,1179.0
2009-05-04,488,34804.0,2280.0
2009-05-05,489,20561.0,1348.0
2009-05-06,490,11246.0,681.0
2009-05-07,491,28674.0,1106.0
2009-05-08,492,35960.0,2393.0
2009-05-09,493,40541.0,1969.0
2009-05-10,494,47420.0,2412.0
2009-05-11,495,113386.0,4219.0
2009-05-12,496,44191.0,1972.0
2009-05-13,497,60161.0,2656.0
2009-05-14,498,24274.0,1904.0
2009-05-15,499,26593.0,1206.0
2009-05-16,500,20419.0,1128.0
2009-05-17,501,51392.0,1866.0
2009-05-18,502,107437.0,3624.0
2009-05-19,503,90906.0,3009.0
2009-05-20,504,58711.0,2632.0
2009-05-21,505,72415.0,3875.0
2009-05-22,506,101858.0,3857.0
2009-05-23,507,34284.0,1956.0
2009-05-24,508,101723.0,3128.0
2009-05-25,509,152097.0,3794.0
2009-05-26,510,170683.0,4707.0
2009-05-27,511,103070.0,3096.0
2009-05-28,512,75061.0,2473.0
2009-05-29,513,30563.0,1520.0
2009-05-30,514,42237.0,2431.0
2009-05-31,515,57468.0,3258.0
2009-06-01,516,29368.0,2007.0
2009-06-02,517,81110.0,2778.0
2009-06-03,518,13901.0,1109.0
2009-06-04,519,14269.0,1233.0
2009-06-05,520,46991.0,2516.0
2009-06-06,521,61977.0,3458.0
2009-06-07,522,33275.0,2496.0
2009-06-08,523,46806.0,2440.0
2009-06-09,524,49325.0,3026.0
2009-06-10,525,72737.0,2183.0
2009-06-11,526,70819.0,3875.0
2009-06-12,527,10712.0,1151.0
2009-06-13,528,9469.0,756.0
2009-06-14,529,14764.0,1362.0
2009-06-15,530,26418.0,1889.0
2009-06-16,531,22842.0,1684.0
2009-06-17,532,18318.0,1115.0
2009-06-18,533,49251.0,1917.0
2009-06-19,534,40977.0,2469.0
2009-06-20,535,147590.0,4165.0
2009-06-21,536,145600.0,4063.0
2009-06-22,537,66940.0,3371.0
2009-06-23,538,107024.0,4716.0
2009-06-24,539,89108.0,3859.0
2009-06-25,540,193349.0,6890.0
2009-06-26,541,185495.0,7833.0
2009-06-27,542,98226.0,4739.0
2009-06-28,543,86535.0,4589.0
2009-06-29,544,149970.0,6298.0
2009-06-30,545,226660.0,8186.0
2009-07-01,546,260497.0,9404.0
2009-07-02,547,277513.0,10466.0
2009-07-03,548,216778.0,7714.0
2009-07-04,549,183045.0,6924.0
2009-07-05,550,162285.0,5828.0
2009-07-06,551,149622.0,6244.0
2009-07-07,552,220283.0,8887.0
2009-07-08,553,139780.0,5759.0
2009-07-09,554,41099.0,2564.0
2009-07-10,555,59405.0,3129.0
2009-07-11,556,54329.0,1956.0
2009-07-12,557,1002.0,173.0
2009-07-13,558,32466.0,1443.0
2009-07-14,559,65062.0,3106.0
2009-07-15,560,133711.0,3524.0
2009-07-16,561,113768.0,4350.0
2009-07-17,562,146608.0,5408.0
2009-07-18,563,228346.0,5366.0
2009-07-19,564,70937.0,2867.0
2009-07-20,565,22381.0,1740.0
2009-07-21,566,60613.0,2192.0
2009-07-22,567,80792.0,3342.0
2009-07-23,568,126352.0,4606.0
2009-07-24,569,51549.0,3812.0
2009-07-25,570,24929.0,2240.0
2009-07-26,571,3814.0,514.0
2009-07-27,572,24220.0,1253.0
2009-07-28,573,11909.0,447.0
2009-07-29,574,6408.0,428.0
2009-07-30,575,34950.0,2186.0
2009-07-31,576,8259.0,673.0
2009-08-01,577,50036.0,1678.0
2009-08-02,578,113456.0,3121.0
2009-08-03,579,197885.0,4575.0
2009-08-04,580,149926.0,3802.0
2009-08-05,581,78602.0,2686.0
2009-08-06,582,25997.0,1714.0
2009-08-07,583,48596.0,2086.0
2009-08-08,584,76805.0,2983.0
2009-08-09,585,108014.0,4027.0
2009-08-10,586,135021.0,5138.0
2009-08-11,587,108217.0,3915.0
2009-08-12,588,21166.0,1840.0
2009-08-13,589,65105.0,4058.0
2009-08-14,590,77358.0,3040.0
2009-08-15,591,29702.0,1434.0
2009-08-16,592,18672.0,944.0
2009-08-17,593,62367.0,3051.0
2009-08-18,594,29059.0,1614.0
2009-08-19,595,25541.0,975.0
2009-08-20,596,63858.0,2631.0
2009-08-21,597,46691.0,2362.0
2009-08-22,598,29127.0,1354.0
2009-08-23,599,15794.0,691.0
2009-08-24,600,80711.0,2956.0
2009-08-25,601,86095.0,2733.0
2009-08-26,602,95470.0,2042.0
2009-08-27,603,53450.0,1970.0
2009-08-28,604,67331.0,2940.0
2009-08-29,605,123593.0,4611.0
2009-08-30,606,116260.0,2840.0
2009-08-31,607,27463.0,963.0
2009-09-01,608,55864.0,2708.0
2009-09-02,609,24089.0,1390.0
2009-09-03,610,42463.0,2435.0
2009-09-04,611,20339.0,1735.0
2009-09-05,612,88463.0,2072.0
2009-09-06,613,47109.0,1563.0
2009-09-07,614,26094.0,910.0
2009-09-08,615,10892.0,592.0
2009-09-09,616,15549.0,998.0
2009-09-10,617,84411.0,3159.0
2009-09-11,618,33176.0,2058.0
2009-09-12,619,48171.0,2745.0
2009-09-13,620,122039.0,5790.0
2009-09-14,621,233315.0,7814.0
2009-09-15,622,158669.0,5334.0
2009-09-16,623,156923.0,6040.0
2009-09-17,624,87880.0,4225.0
2009-09-18,625,80233.0,3306.0
2009-09-19,626,90599.0,4131.0
2009-09-20,627,99570.0,3584.0
2009-09-21,628,109443.0,4623.0
2009-09-22,629,45208.0,2878.0
2009-09-23,630,94815.0,3056.0
2009-09-24,631,105262.0,2991.0
2009-09-25,632,67220.0,2557.0
2009-09-26,633,74731.0,2166.0
2009-09-27,634,57892.0,2261.0
2009-09-28,635,68196.0,2117.0
2009-09-29,636,44373.0,1369.0
2009-09-30,637,94418.0,1910.0
2009-10-01,638,198396.0,4498.0
2009-10-02,639,110432.0,2982.0
2009-10-03,640,23344.0,1181.0
2009-10-04,641,27609.0,928.0
2009-10-05,642,5670.0,534.0
2009-10-06,643,4232.0,391.0
2009-10-07,644,21715.0,1499.0
2009-10-08,645,38359.0,1176.0
2009-10-09,646,76162.0,1276.0
2009-10-10,647,51893.0,2185.0
2009-10-11,648,45302.0,1807.0
2009-10-12,649,41841.0,1934.0
2009-10-13,650,14611.0,644.0
2009-10-14,651,4292.0,473.0
2009-10-15,652,21039.0,1336.0
2009-10-16,653,8724.0,663.0
2009-10-17,654,9831.0,857.0
2009-10-18,655,7815.0,804.0
2009-10-19,656,5222.0,667.0
2009-10-20,657,866.0,141.0
2009-10-21,658,15917.0,1042.0
2009-10-22,659,36013.0,1989.0
2009-10-23,660,43991.0,2067.0
2009-10-24,661,18765.0,921.0
2009-10-25,662,43474.0,1839.0
2009-10-26,663,5852.0,582.0
2009-10-27,664,8271.0,495.0
2009-10-28,665,5883.0,364.0
2009-10-29,666,42.0,4.0
2009-10-30,667,2028.0,182.0
2009-10-31,668,2474.0,269.0
2009-11-01,669,122.0,19.0
2009-11-02,670,208.0,37.0
2009-11-03,671,6121.0,675.0
2009-11-04,672,1201.0,201.0
2009-11-05,673,16022.0,1703.0
2009-11-06,674,37764.0,2360.0
2009-11-07,675,30425.0,1703.0
2009-11-08,676,17894.0,2420.0
2009-11-09,677,26975.0,2815.0
2009-11-10,678,24702.0,2883.0
2009-11-11,679,9613.0,1215.0
2009-11-12,680,467.0,85.0
2009-11-13,681,3170.0,481.0
2009-11-14,682,4583.0,725.0
2009-11-15,683,205.0,37.0
2009-11-16,684,552.0,82.0
2009-11-17,685,661.0,109.0
2009-11-18,686,636.0,73.0
2009-11-19,687,2649.0,100.0
2009-11-20,688,74.0,11.0
2009-11-21,689,613.0,113.0
2009-11-22,690,2166.0,321.0
2009-11-23,691,1007.0,140.0
2009-11-24,692,71.0,10.0
2009-11-25,693,273.0,50.0
2009-11-26,694,1098.0,212.0
2009-11-27,695,1789.0,295.0
2009-11-28,696,2722.0,366.0
2009-11-29,697,5798.0,700.0
2009-11-30,698,11986.0,1664.0
2009-12-01,699,29257.0,2651.0
2009-12-02,700,11660.0,1270.0
2009-12-03,701,6913.0,617.0
2009-12-04,702,3001.0,401.0
2009-12-05,703,5035.0,596.0
2009-12-06,704,155.0,18.0
2009-12-07,705,783.0,133.0
2009-12-08,706,614.0,84.0
2009-12-09,707,1029.0,177.0
2009-12-10,708,4509.0,476.0
2009-12-11,709,2441.0,256.0
2009-12-12,710,7064.0,750.0
2009-12-13,711,3585.0,460.0
2009-12-14,712,25955.0,1789.0
2009-12-15,713,40471.0,2476.0
2009-12-16,714,2874.0,314.0
2009-12-17,715,1166.0,199.0
2009-12-18,716,9104.0,1152.0
2009-12-19,717,2459.0,241.0
2009-12-20,718,932.0,149.0
2009-12-21,719,1614.0,277.0
2009-12-22,720,1165.0,209.0
2009-12-23,721,4238.0,614.0
2009-12-24,722,6554.0,671.0
2009-12-25,723,8903.0,1100.0
2009-12-26,724,3087.0,454.0
2009-12-27,725,1470.0,178.0
2009-12-28,726,2624.0,272.0
2009-12-29,727,3527.0,463.0
2009-12-30,728,4688.0,673.0
2009-12-31,729,6626.0,887.0
2010-01-01,730,6525.0,1121.0
2010-01-02,731,4289.0,626.0
2010-01-03,732,593.0,113.0
2010-01-04,733,3756.0,557.0
2010-01-05,734,2075.0,209.0
2010-01-06,735,1841.0,281.0
2010-01-07,736,3381.0,495.0
2010-01-08,737,6511.0,857.0
2010-01-09,738,8146.0,1012.0
2010-01-10,739,4745.0,738.0
2010-01-11,740,598.0,78.0
2010-01-12,741,1157.0,223.0
2010-01-13,742,843.0,140.0
2010-01-14,743,755.0,143.0
2010-01-15,744,912.0,125.0
2010-01-16,745,4524.0,317.0
2010-01-17,746,1363.0,162.0
2010-01-18,747,159.0,22.0
2010-01-19,748,3629.0,433.0
2010-01-20,749,207.0,31.0
2010-01-21,750,1500.0,212.0
2010-01-22,751,489.0,94.0
2010-01-23,752,2366.0,275.0
2010-01-24,753,161.0,28.0
2010-01-25,754,3332.0,281.0
2010-01-26,755,19279.0,977.0
2010-01-27,756,6390.0,491.0
2010-01-28,757,410.0,56.0
2010-01-29,758,139.0,24.0
2010-01-30,759,3208.0,557.0
2010-01-31,760,2543.0,473.0
2010-02-01,761,1979.0,345.0
2010-02-02,762,787.0,146.0
2010-02-03,763,45.0,7.0
2010-02-04,764,155.0,27.0
2010-02-05,765,1729.0,266.0
2010-02-06,766,4308.0,584.0
2010-02-07,767,5361.0,698.0
2010-02-08,768,1568.0,212.0
2010-02-09,769,1460.0,224.0
2010-02-10,770,2004.0,306.0
2010-02-11,771,3139.0,428.0
2010-02-12,772,8981.0,1129.0
2010-02-13,773,871.0,141.0
2010-02-14,774,825.0,126.0
2010-02-15,775,590.0,88.0
2010-02-16,776,284.0,55.0
2010-02-17,777,546.0,107.0
2010-02-18,778,4126.0,543.0
2010-02-19,779,491.0,92.0
2010-02-20,780,2357.0,297.0
2010-02-21,781,4038.0,631.0
2010-02-22,782,7538.0,1168.0
2010-02-23,783,10287.0,1373.0
2010-02-24,784,7048.0,695.0
2010-02-25,785,3534.0,478.0
2010-02-26,786,4804.0,456.0
2010-02-27,787,1685.0,267.0
2010-02-28,788,2125.0,395.0
2010-03-01,789,704.0,100.0
2010-03-02,790,984.0,152.0
2010-03-03,791,612.0,109.0
2010-03-04,792,269.0,38.0
2010-03-05,793,748.0,135.0
2010-03-06,794,1787.0,204.0
2010-03-07,795,2948.0,316.0
2010-03-08,796,734.0,126.0
2010-03-09,797,415.0,69.0
2010-03-10,798,534.0,113.0
2010-03-11,799,2244.0,365.0
2010-03-12,800,291.0,53.0
2010-03-13,801,226.0,37.0
2010-03-14,802,363.0,51.0
2010-03-15,803,175.0,28.0
2010-03-16,804,2408.0,326.0
2010-03-17,805,1258.0,181.0
2010-03-18,806,24.0,1.0
2010-03-19,807,26.0,3.0
2010-03-20,808,841.0,142.0
2010-03-21,809,5160.0,376.0
2010-03-22,810,220.0,41.0
2010-03-23,811,371.0,52.0
2010-03-24,812,11775.0,859.0
2010-03-25,813,7960.0,709.0
2010-03-26,814,12854.0,1355.0
2010-03-27,815,6296.0,636.0
2010-03-28,816,1147.0,160.0
2010-03-29,817,8069.0,571.0
2010-03-30,818,16549.0,1062.0
2010-03-31,819,11771.0,1074.0
2010-04-01,820,4495.0,444.0
2010-04-02,821,1794.0,231.0
2010-04-03,822,2320.0,377.0
2010-04-04,823,3778.0,470.0
2010-04-05,824,4979.0,578.0
2010-04-06,825,327.0,65.0
2010-04-07,826,472.0,79.0
2010-04-08,827,493.0,82.0
2010-04-09,828,687.0,111.0
2010-04-10,829,1984.0,315.0
2010-04-11,830,1907.0,221.0
2010-04-12,831,6998.0,644.0
2010-04-13,832,2909.0,436.0
2010-04-14,833,10212.0,1286.0
2010-04-15,834,11559.0,1336.0
2010-04-16,835,20836.0,1873.0
2010-04-17,836,27392.0,1708.0
2010-04-18,837,10351.0,1156.0
2010-04-19,838,13431.0,1122.0
2010-04-20,839,6000.0,568.0
2010-04-21,840,19009.0,1238.0
2010-04-22,841,11972.0,966.0
2010-04-23,842,2744.0,277.0
2010-04-24,843,726.0,65.0
2010-04-25,844,6681.0,668.0
2010-04-26,845,12142.0,954.0
2010-04-27,846,17570.0,1142.0
2010-04-28,847,6529.0,502.0
2010-04-29,848,27642.0,1237.0
2010-04-30,849,17404.0,1223.0
2010-05-01,850,20360.0,1485.0
2010-05-02,851,8641.0,823.0
2010-05-03,852,15026.0,1261.0
2010-05-04,853,6548.0,823.0
2010-05-05,854,17555.0,1382.0
2010-05-06,855,42320.0,2555.0
2010-05-07,856,18939.0,1402.0
2010-05-08,857,5288.0,654.0
2010-05-09,858,13582.0,1109.0
2010-05-10,859,18252.0,1408.0
2010-05-11,860,42722.0,2287.0
2010-05-12,861,83603.0,4129.0
2010-05-13,862,64694.0,3765.0
2010-05-14,863,52306.0,3890.0
2010-05-15,864,17192.0,1853.0
2010-05-16,865,5852.0,628.0
2010-05-17,866,15642.0,1140.0
2010-05-18,867,18927.0,744.0
2010-05-19,868,33557.0,1569.0
2010-05-20,869,51597.0,2605.0
2010-05-21,870,23324.0,1630.0
2010-05-22,871,56137.0,3508.0
2010-05-23,872,52612.0,3604.0
2010-05-24,873,62016.0,3658.0
2010-05-25,874,59227.0,2733.0
2010-05-26,875,38608.0,2368.0
2010-05-27,876,64451.0,2736.0
2010-05-28,877,42373.0,2661.0
2010-05-29,878,49438.0,2587.0
2010-05-30,879,93674.0,4071.0
2010-05-31,880,25424.0,1076.0
2010-06-01,881,3593.0,233.0
2010-06-02,882,41635.0,1670.0
2010-06-03,883,64203.0,2190.0
2010-06-04,884,16614.0,879.0
2010-06-05,885,42806.0,2097.0
2010-06-06,886,66309.0,3427.0
2010-06-07,887,16914.0,1224.0
2010-06-08,888,55285.0,2069.0
2010-06-09,889,86311.0,2559.0
2010-06-10,890,104479.0,2894.0
2010-06-11,891,142683.0,2249.0
2010-06-12,892,68475.0,2250.0
2010-06-13,893,86146.0,3217.0
2010-06-14,894,178793.0,5867.0
2010-06-15,895,84881.0,4042.0
2010-06-16,896,143469.0,3411.0
2010-06-17,897,53802.0,1849.0
2010-06-18,898,188097.0,4818.0
2010-06-19,899,166584.0,5313.0
2010-06-20,900,108970.0,4026.0
2010-06-21,901,65302.0,2850.0
2010-06-22,902,2807.0,332.0
2010-06-23,903,2667.0,127.0
2010-06-24,904,12284.0,671.0
2010-06-25,905,48025.0,2207.0
2010-06-26,906,48192.0,2267.0
2010-06-27,907,45889.0,2080.0
2010-06-28,908,52853.0,2553.0
2010-06-29,909,65238.0,3207.0
2010-06-30,910,81374.0,3173.0
2010-07-01,911,84944.0,3580.0
2010-07-02,912,148524.0,5516.0
2010-07-03,913,173924.0,5927.0
2010-07-04,914,114051.0,4218.0
2010-07-05,915,38215.0,2071.0
2010-07-06,916,92133.0,2991.0
2010-07-07,917,24886.0,1301.0
2010-07-08,918,68929.0,2021.0
2010-07-09,919,14128.0,816.0
2010-07-10,920,103296.0,2112.0
2010-07-11,921,77298.0,3165.0
2010-07-12,922,236114.0,7116.0
2010-07-13,923,98223.0,3583.0
2010-07-14,924,115825.0,4144.0
2010-07-15,925,58210.0,1777.0
2010-07-16,926,68169.0,2211.0
2010-07-17,927,311574.0,7503.0
2010-07-18,928,249170.0,5719.0
2010-07-19,929,63039.0,2008.0
2010-07-20,930,52959.0,1830.0
2010-07-21,931,112431.0,4514.0
2010-07-22,932,179843.0,5043.0
2010-07-23,933,166433.0,5614.0
2010-07-24,934,276835.0,5912.0
2010-07-25,935,31336.0,1531.0
2010-07-26,936,84975.0,2615.0
2010-07-27,937,69888.0,2783.0
2010-07-28,938,37266.0,1703.0
2010-07-29,939,103859.0,3496.0
2010-07-30,940,80199.0,2602.0
2010-07-31,941,62288.0,2077.0
2010-08-01,942,94652.0,3454.0
2010-08-02,943,73071.0,2713.0
2010-08-03,944,138454.0,4124.0
2010-08-04,945,104714.0,3761.0
2010-08-05,946,88949.0,3052.0
2010-08-06,947,302422.0,5721.0
2010-08-07,948,115760.0,3210.0
2010-08-08,949,68081.0,2842.0
2010-08-09,950,48713.0,1942.0
2010-08-10,951,39665.0,1930.0
2010-08-11,952,24258.0,1337.0
2010-08-12,953,84972.0,3339.0
2010-08-13,954,279251.0,6687.0
2010-08-14,955,181314.0,5116.0
2010-08-15,956,286713.0,4995.0
2010-08-16,957,146605.0,4609.0
2010-08-17,958,32426.0,1983.0
2010-08-18,959,22681.0,1785.0
2010-08-19,960,83027.0,2244.0
2010-08-20,961,10988.0,726.0
2010-08-21,962,15861.0,926.0
2010-08-22,963,106914.0,4076.0
2010-08-23,964,30627.0,1452.0
2010-08-24,965,18186.0,1421.0
2010-08-25,966,6622.0,595.0
2010-08-26,967,7317.0,798.0
2010-08-27,968,12016.0,1020.0
2010-08-28,969,13890.0,1231.0
2010-08-29,970,4586.0,717.0
2010-08-30,971,8217.0,824.0
2010-08-31,972,17325.0,821.0
2010-09-01,973,66224.0,2231.0
2010-09-02,974,29229.0,1679.0
2010-09-03,975,76964.0,3031.0
2010-09-04,976,25592.0,952.0
2010-09-05,977,10286.0,440.0
2010-09-06,978,18237.0,1278.0
2010-09-07,979,73925.0,2775.0
2010-09-08,980,93095.0,2839.0
2010-09-09,981,89049.0,3407.0
2010-09-10,982,56449.0,3159.0
2010-09-11,983,37917.0,1739.0
2010-09-12,984,10909.0,814.0
2010-09-13,985,15000.0,654.0
2010-09-14,986,51550.0,1614.0
2010-09-15,987,27755.0,1189.0
2010-09-16,988,29780.0,1507.0
2010-09-17,989,78889.0,3371.0
2010-09-18,990,79762.0,1541.0
2010-09-19,991,36437.0,1492.0
2010-09-20,992,32366.0,1748.0
2010-09-21,993,6936.0,409.0
2010-09-22,994,49288.0,1388.0
2010-09-23,995,46775.0,2954.0
2010-09-24,996,34730.0,2365.0
2010-09-25,997,10279.0,926.0
2010-09-26,998,8996.0,882.0
2010-09-27,999,3659.0,442.0
2010-09-28,1000,12992.0,1028.0
2010-09-29,1001,2293.0,321.0
2010-09-30,1002,393.0,88.0
2010-10-01,1003,3047.0,244.0
2010-10-02,1004,1407.0,171.0
2010-10-03,1005,218.0,46.0
2010-10-04,1006,15839.0,884.0
2010-10-05,1007,22842.0,813.0
2010-10-06,1008,74267.0,2060.0
2010-10-07,1009,23781.0,1031.0
2010-10-08,1010,1315.0,230.0
2010-10-09,1011,41527.0,1528.0
2010-10-10,1012,53885.0,2545.0
2010-10-11,1013,23601.0,1521.0
2010-10-12,1014,60924.0,2279.0
2010-10-13,1015,65549.0,2789.0
2010-10-14,1016,31577.0,2033.0
2010-10-15,1017,30250.0,1936.0
2010-10-16,1018,58651.0,3473.0
2010-10-17,1019,62008.0,3688.0
2010-10-18,1020,65798.0,3766.0
2010-10-19,1021,11705.0,1592.0
2010-10-20,1022,2181.0,275.0
2010-10-21,1023,548.0,84.0
2010-10-22,1024,530.0,65.0
2010-10-23,1025,1542.0,247.0
2010-10-24,1026,33269.0,1713.0
2010-10-25,1027,56127.0,2294.0
2010-10-26,1028,21584.0,1929.0
2010-10-27,1029,31113.0,2422.0
2010-10-28,1030,4505.0,457.0
2010-10-29,1031,868.0,124.0
2010-10-30,1032,3452.0,534.0
2010-10-31,1033,5731.0,812.0
2010-11-01,1034,37887.0,2426.0
2010-11-02,1035,24211.0,1674.0
2010-11-03,1036,40598.0,1428.0
2010-11-04,1037,13959.0,955.0
2010-11-05,1038,6205.0,402.0
2010-11-06,1039,1788.0,186.0
2010-11-07,1040,56311.0,2617.0
2010-11-08,1041,64714.0,3303.0
2010-11-09,1042,24324.0,2818.0
2010-11-10,1043,18606.0,1755.0
2010-11-11,1044,12174.0,1204.0
2010-11-12,1045,11433.0,634.0
2010-11-13,1046,8476.0,412.0
2010-11-14,1047,8080.0,562.0
2010-11-15,1048,4567.0,610.0
2010-11-16,1049,11672.0,1257.0
2010-11-17,1050,13071.0,1545.0
2010-11-18,1051,1887.0,299.0
2010-11-19,1052,4850.0,598.0
2010-11-20,1053,11963.0,812.0
2010-11-21,1054,7551.0,728.0
2010-11-22,1055,65366.0,3871.0
2010-11-23,1056,30261.0,3047.0
2010-11-24,1057,13666.0,1571.0
2010-11-25,1058,5322.0,741.0
2010-11-26,1059,10644.0,900.0
2010-11-27,1060,2029.0,296.0
2010-11-28,1061,3399.0,489.0
2010-11-29,1062,2792.0,433.0
2010-11-30,1063,1477.0,271.0
2010-12-01,1064,5842.0,1130.0
2010-12-02,1065,9831.0,1545.0
2010-12-03,1066,12247.0,1261.0
2010-12-04,1067,18976.0,920.0
2010-12-05,1068,6225.0,754.0
2010-12-06,1069,8964.0,540.0
2010-12-07,1070,24359.0,1672.0
2010-12-08,1071,9466.0,465.0
2010-12-09,1072,9469.0,721.0
2010-12-10,1073,4470.0,508.0
2010-12-11,1074,2097.0,304.0
2010-12-12,1075,2088.0,293.0
2010-12-13,1076,789.0,146.0
2010-12-14,1077,356.0,63.0
2010-12-15,1078,6336.0,759.0
2010-12-16,1079,7650.0,894.0
2010-12-17,1080,1777.0,316.0
2010-12-18,1081,7249.0,617.0
2010-12-19,1082,357.0,60.0
2010-12-20,1083,1039.0,169.0
2010-12-21,1084,6112.0,744.0
2010-12-22,1085,4713.0,671.0
2010-12-23,1086,3068.0,443.0
2010-12-24,1087,4327.0,689.0
2010-12-25,1088,1582.0,254.0
2010-12-26,1089,295.0,53.0
2010-12-27,1090,62.0,11.0
2010-12-28,1091,425.0,89.0
2010-12-29,1092,2520.0,283.0
2010-12-30,1093,1780.0,225.0
2010-12-31,1094,437.0,46.0
2011-01-01,1095,7007.0,556.0
2011-01-02,1096,6678.0,658.0
2011-01-03,1097,285.0,43.0
2011-01-04,1098,119.0,22.0
2011-01-05,1099,463.0,83.0
2011-01-06,1100,1069.0,150.0
2011-01-07,1101,1520.0,217.0
2011-01-08,1102,6657.0,500.0
2011-01-09,1103,1206.0,130.0
2011-01-10,1104,7908.0,528.0
2011-01-11,1105,8966.0,765.0
2011-01-12,1106,14973.0,1306.0
2011-01-13,1107,1484.0,196.0
2011-01-14,1108,84.0,10.0
2011-01-15,1109,1016.0,139.0
2011-01-16,1110,1119.0,106.0
2011-01-17,1111,535.0,81.0
2011-01-18,1112,35.0,4.0
2011-01-19,1113,206.0,42.0
2011-01-20,1114,1935.0,254.0
2011-01-21,1115,10470.0,1312.0
2011-01-22,1116,17226.0,1827.0
2011-01-23,1117,1494.0,274.0
2011-01-24,1118,4455.0,459.0
2011-01-25,1119,645.0,94.0
2011-01-26,1120,1234.0,154.0
2011-01-27,1121,3584.0,318.0
2011-01-28,1122,10277.0,700.0
2011-01-29,1123,8722.0,989.0
2011-01-30,1124,4989.0,769.0
2011-01-31,1125,8118.0,786.0
2011-02-01,1126,2083.0,372.0
2011-02-02,1127,2416.0,345.0
2011-02-03,1128,929.0,168.0
2011-02-04,1129,69.0,11.0
2011-02-05,1130,25.0,1.0
2011-02-06,1131,17.0,0.0
2011-02-07,1132,15.0,2.0
2011-02-08,1133,6.0,1.0
2011-02-09,1134,20.0,3.0
2011-02-10,1135,0.0,0.0
2011-02-11,1136,1623.0,196.0
2011-02-12,1137,14.0,2.0
2011-02-13,1138,153.0,26.0
2011-02-14,1139,1628.0,228.0
2011-02-15,1140,2448.0,436.0
2011-02-16,1141,12633.0,1801.0
2011-02-17,1142,8205.0,1139.0
2011-02-18,1143,14003.0,1471.0
2011-02-19,1144,168.0,29.0
2011-02-20,1145,3553.0,401.0
2011-02-21,1146,6339.0,536.0
2011-02-22,1147,4362.0,472.0
2011-02-23,1148,3604.0,464.0
2011-02-24,1149,1351.0,175.0
2011-02-25,1150,174.0,38.0
2011-02-26,1151,776.0,128.0
2011-02-27,1152,2390.0,275.0
2011-02-28,1153,3804.0,502.0
2011-03-01,1154,5810.0,669.0
2011-03-02,1155,4648.0,563.0
2011-03-03,1156,4293.0,529.0
2011-03-04,1157,4691.0,454.0
2011-03-05,1158,7310.0,849.0
2011-03-06,1159,4855.0,402.0
2011-03-07,1160,5383.0,529.0
2011-03-08,1161,2864.0,373.0
2011-03-09,1162,3363.0,408.0
2011-03-10,1163,1946.0,239.0
2011-03-11,1164,3651.0,388.0
2011-03-12,1165,689.0,82.0
2011-03-13,1166,2363.0,351.0
2011-03-14,1167,5358.0,598.0
2011-03-15,1168,22834.0,1948.0
2011-03-16,1169,7574.0,1121.0
2011-03-17,1170,1928.0,307.0
2011-03-18,1171,7491.0,486.0
2011-03-19,1172,7717.0,597.0
2011-03-20,1173,14828.0,994.0
2011-03-21,1174,3834.0,453.0
2011-03-22,1175,1208.0,158.0
2011-03-23,1176,1378.0,170.0
2011-03-24,1177,3966.0,304.0
2011-03-25,1178,4004.0,379.0
2011-03-26,1179,2669.0,376.0
2011-03-27,1180,2856.0,383.0
2011-03-28,1181,3433.0,394.0
2011-03-29,1182,3660.0,457.0
2011-03-30,1183,6512.0,519.0
2011-03-31,1184,3909.0,324.0
2011-04-01,1185,13409.0,803.0
2011-04-02,1186,1936.0,321.0
2011-04-03,1187,4357.0,465.0
2011-04-04,1188,2245.0,184.0
2011-04-05,1189,1133.0,116.0
2011-04-06,1190,1229.0,150.0
2011-04-07,1191,9618.0,579.0
2011-04-08,1192,60.0,12.0
2011-04-09,1193,5.0,1.0
2011-04-10,1194,2869.0,159.0
2011-04-11,1195,4908.0,378.0
2011-04-12,1196,3747.0,508.0
2011-04-13,1197,1983.0,167.0
2011-04-14,1198,490.0,72.0
2011-04-15,1199,2826.0,287.0
2011-04-16,1200,1857.0,240.0
2011-04-17,1201,6422.0,640.0
2011-04-18,1202,16133.0,1121.0
2011-04-19,1203,11084.0,1005.0
2011-04-20,1204,17573.0,1427.0
2011-04-21,1205,28140.0,2087.0
2011-04-22,1206,13827.0,1149.0
2011-04-23,1207,22791.0,1862.0
2011-04-24,1208,49997.0,3014.0
2011-04-25,1209,53738.0,3673.0
2011-04-26,1210,17928.0,1498.0
2011-04-27,1211,19660.0,1722.0
2011-04-28,1212,37817.0,2629.0
2011-04-29,1213,65167.0,5439.0
2011-04-30,1214,44900.0,4105.0
2011-05-01,1215,18621.0,1528.0
2011-05-02,1216,51932.0,3400.0
2011-05-03,1217,25099.0,1981.0
2011-05-04,1218,8333.0,535.0
2011-05-05,1219,4588.0,313.0
2011-05-06,1220,30640.0,2083.0
2011-05-07,1221,30017.0,2051.0
2011-05-08,1222,5961.0,619.0
2011-05-09,1223,9612.0,966.0
2011-05-10,1224,26054.0,1834.0
2011-05-11,1225,39988.0,2730.0
2011-05-12,1226,45188.0,3282.0
2011-05-13,1227,19041.0,1290.0
2011-05-14,1228,30414.0,2382.0
2011-05-15,1229,11388.0,1192.0
2011-05-16,1230,20699.0,1399.0
2011-05-17,1231,24170.0,1853.0
2011-05-18,1232,71697.0,4155.0
2011-05-19,1233,68895.0,3833.0
2011-05-20,1234,147538.0,6444.0
2011-05-21,1235,138039.0,6288.0
2011-05-22,1236,139535.0,6789.0
2011-05-23,1237,129894.0,5300.0
2011-05-24,1238,82669.0,3425.0
2011-05-25,1239,90526.0,3859.0
2011-05-26,1240,84951.0,4011.0
2011-05-27,1241,72517.0,3846.0
2011-05-28,1242,93252.0,4349.0
2011-05-29,1243,76096.0,3882.0
2011-05-30,1244,87122.0,4964.0
2011-05-31,1245,106603.0,5560.0
2011-06-01,1246,154137.0,6197.0
2011-06-02,1247,82149.0,4246.0
2011-06-03,1248,92997.0,4589.0
2011-06-04,1249,179035.0,7701.0
2011-06-05,1250,212345.0,8714.0
2011-06-06,1251,229623.0,9413.0
2011-06-07,1252,169563.0,6779.0
2011-06-08,1253,247546.0,7835.0
2011-06-09,1254,123777.0,4842.0
2011-06-10,1255,18930.0,1392.0
2011-06-11,1256,35999.0,2170.0
2011-06-12,1257,45725.0,2073.0
2011-06-13,1258,21461.0,1501.0
2011-06-14,1259,47512.0,2743.0
2011-06-15,1260,52435.0,2429.0
2011-06-16,1261,61701.0,3308.0
2011-06-17,1262,43672.0,1618.0
2011-06-18,1263,19834.0,1708.0
2011-06-19,1264,46263.0,1982.0
2011-06-20,1265,8176.0,724.0
2011-06-21,1266,57621.0,2551.0
2011-06-22,1267,142054.0,4257.0
2011-06-23,1268,56223.0,2907.0
2011-06-24,1269,80847.0,3616.0
2011-06-25,1270,19160.0,1289.0
2011-06-26,1271,3284.0,315.0
2011-06-27,1272,48917.0,2410.0
2011-06-28,1273,134091.0,4186.0
2011-06-29,1274,74924.0,3181.0
2011-06-30,1275,68330.0,3435.0
2011-07-01,1276,67274.0,2638.0
2011-07-02,1277,80294.0,2432.0
2011-07-03,1278,40555.0,2164.0
2011-07-04,1279,25088.0,1862.0
2011-07-05,1280,91951.0,2584.0
2011-07-06,1281,14277.0,860.0
2011-07-07,1282,58046.0,2639.0
2011-07-08,1283,83456.0,2653.0
2011-07-09,1284,47925.0,2207.0
2011-07-10,1285,176904.0,4511.0
2011-07-11,1286,161288.0,4646.0
2011-07-12,1287,130755.0,5144.0
2011-07-13,1288,122878.0,2950.0
2011-07-14,1289,130081.0,3121.0
2011-07-15,1290,125625.0,3173.0
2011-07-16,1291,47601.0,1581.0
2011-07-17,1292,56480.0,1821.0
2011-07-18,1293,43900.0,2215.0
2011-07-19,1294,173447.0,3761.0
2011-07-20,1295,277282.0,7017.0
2011-07-21,1296,105118.0,3266.0
2011-07-22,1297,54966.0,2390.0
2011-07-23,1298,71327.0,2768.0
2011-07-24,1299,56002.0,2328.0
2011-07-25,1300,80747.0,2710.0
2011-07-26,1301,58398.0,2097.0
2011-07-27,1302,54779.0,2470.0
2011-07-28,1303,57796.0,2915.0
2011-07-29,1304,66988.0,3129.0
2011-07-30,1305,71561.0,1998.0
2011-07-31,1306,30117.0,1573.0
2011-08-01,1307,46594.0,2557.0
2011-08-02,1308,50407.0,2365.0
2011-08-03,1309,63402.0,2429.0
2011-08-04,1310,50591.0,1720.0
2011-08-05,1311,75003.0,3336.0
2011-08-06,1312,59511.0,2446.0
2011-08-07,1313,45728.0,1783.0
2011-08-08,1314,41188.0,3496.0
2011-08-09,1315,20869.0,1795.0
2011-08-10,1316,29965.0,1921.0
2011-08-11,1317,460.0,67.0
2011-08-12,1318,40478.0,1995.0
2011-08-13,1319,74291.0,2901.0
2011-08-14,1320,39665.0,2178.0
2011-08-15,1321,37218.0,1311.0
2011-08-16,1322,18713.0,882.0
2011-08-17,1323,17018.0,1275.0
2011-08-18,1324,85514.0,2934.0
2011-08-19,1325,132964.0,4151.0
2011-08-20,1326,36415.0,2271.0
2011-08-21,1327,68009.0,3208.0
2011-08-22,1328,96799.0,2404.0
2011-08-23,1329,89627.0,2118.0
2011-08-24,1330,270345.0,5184.0
2011-08-25,1331,100423.0,2648.0
2011-08-26,1332,194545.0,5414.0
2011-08-27,1333,122026.0,4159.0
2011-08-28,1334,17912.0,1327.0
2011-08-29,1335,21489.0,1604.0
2011-08-30,1336,19423.0,1024.0
2011-08-31,1337,88637.0,3248.0
2011-09-01,1338,74559.0,3181.0
2011-09-02,1339,61995.0,3174.0
2011-09-03,1340,129296.0,3783.0
2011-09-04,1341,60281.0,2531.0
2011-09-05,1342,96579.0,2102.0
2011-09-06,1343,50511.0,1563.0
2011-09-07,1344,56950.0,1240.0
2011-09-08,1345,1303.0,192.0
2011-09-09,1346,889.0,95.0
2011-09-10,1347,18602.0,616.0
2011-09-11,1348,119713.0,3437.0
2011-09-12,1349,24167.0,952.0
2011-09-13,1350,4484.0,303.0
2011-09-14,1351,11436.0,674.0
2011-09-15,1352,17525.0,1160.0
2011-09-16,1353,26344.0,1453.0
2011-09-17,1354,62255.0,2535.0
2011-09-18,1355,117158.0,3573.0
2011-09-19,1356,203516.0,5516.0
2011-09-20,1357,155851.0,3738.0
2011-09-21,1358,66709.0,1652.0
2011-09-22,1359,1160.0,136.0
2011-09-23,1360,15758.0,792.0
2011-09-24,1361,22766.0,1241.0
2011-09-25,1362,40722.0,1512.0
2011-09-26,1363,80879.0,1954.0
2011-09-27,1364,79947.0,2754.0
2011-09-28,1365,18129.0,991.0
2011-09-29,1366,21032.0,795.0
2011-09-30,1367,16078.0,938.0
2011-10-01,1368,24310.0,821.0
2011-10-02,1369,9121.0,587.0
2011-10-03,1370,14125.0,671.0
2011-10-04,1371,11527.0,593.0
2011-10-05,1372,8296.0,380.0
2011-10-06,1373,4830.0,516.0
2011-10-07,1374,46310.0,2894.0
2011-10-08,1375,10809.0,1230.0
2011-10-09,1376,18653.0,2260.0
2011-10-10,1377,11648.0,1155.0
2011-10-11,1378,1002.0,133.0
2011-10-12,1379,936.0,163.0
2011-10-13,1380,5272.0,388.0
2011-10-14,1381,72413.0,2221.0
2011-10-15,1382,45397.0,2013.0
2011-10-16,1383,12105.0,635.0
2011-10-17,1384,406.0,56.0
2011-10-18,1385,750.0,137.0
2011-10-19,1386,4832.0,526.0
2011-10-20,1387,38400.0,1241.0
2011-10-21,1388,15757.0,709.0
2011-10-22,1389,39603.0,797.0
2011-10-23,1390,18351.0,1050.0
2011-10-24,1391,58674.0,1772.0
2011-10-25,1392,15078.0,1044.0
2011-10-26,1393,7231.0,673.0
2011-10-27,1394,10071.0,500.0
2011-10-28,1395,10344.0,544.0
2011-10-29,1396,28931.0,1236.0
2011-10-30,1397,18480.0,817.0
2011-10-31,1398,879.0,137.0
2011-11-01,1399,6237.0,419.0
2011-11-02,1400,3833.0,480.0
2011-11-03,1401,10527.0,1080.0
2011-11-04,1402,27866.0,1698.0
2011-11-05,1403,61590.0,2901.0
2011-11-06,1404,32552.0,1692.0
2011-11-07,1405,7130.0,645.0
2011-11-08,1406,13170.0,901.0
2011-11-09,1407,40440.0,1227.0
2011-11-10,1408,20028.0,891.0
2011-11-11,1409,35583.0,1197.0
2011-11-12,1410,16832.0,689.0
2011-11-13,1411,13835.0,1189.0
2011-11-14,1412,5529.0,508.0
2011-11-15,1413,13157.0,731.0
2011-11-16,1414,10458.0,874.0
2011-11-17,1415,4188.0,376.0
2011-11-18,1416,3044.0,411.0
2011-11-19,1417,24057.0,1484.0
2011-11-20,1418,9685.0,709.0
2011-11-21,1419,28651.0,2151.0
2011-11-22,1420,27527.0,1701.0
2011-11-23,1421,28521.0,1776.0
2011-11-24,1422,10825.0,833.0
2011-11-25,1423,4470.0,662.0
2011-11-26,1424,1715.0,209.0
2011-11-27,1425,3483.0,318.0
2011-11-28,1426,15002.0,1267.0
2011-11-29,1427,51204.0,1487.0
2011-11-30,1428,3025.0,256.0
2011-12-01,1429,77.0,14.0
2011-12-02,1430,1392.0,213.0
2011-12-03,1431,13360.0,1219.0
2011-12-04,1432,6412.0,795.0
2011-12-05,1433,1788.0,339.0
2011-12-06,1434,3416.0,457.0
2011-12-07,1435,4506.0,685.0
2011-12-08,1436,738.0,129.0
2011-12-09,1437,247.0,46.0
2011-12-10,1438,233.0,49.0
2011-12-11,1439,13448.0,1109.0
2011-12-12,1440,22278.0,1579.0
2011-12-13,1441,15562.0,1317.0
2011-12-14,1442,4022.0,701.0
2011-12-15,1443,7534.0,1000.0
2011-12-16,1444,2893.0,511.0
2011-12-17,1445,3468.0,580.0
2011-12-18,1446,9879.0,1432.0
2011-12-19,1447,10759.0,1625.0
2011-12-20,1448,6332.0,1034.0
2011-12-21,1449,6044.0,797.0
2011-12-22,1450,7193.0,994.0
2011-12-23,1451,1380.0,156.0
2011-12-24,1452,190.0,30.0
2011-12-25,1453,1644.0,252.0
2011-12-26,1454,1166.0,166.0
2011-12-27,1455,1371.0,198.0
2011-12-28,1456,816.0,144.0
2011-12-29,1457,2684.0,421.0
2011-12-30,1458,4219.0,684.0
2011-12-31,1459,6600.0,857.0
2012-01-01,1460,72.0,13.0
2012-01-02,1461,728.0,144.0
2012-01-03,1462,2176.0,305.0
2012-01-04,1463,1379.0,239.0
2012-01-05,1464,8523.0,1062.0
2012-01-06,1465,10124.0,1494.0
2012-01-07,1466,706.0,112.0
2012-01-08,1467,853.0,146.0
2012-01-09,1468,3083.0,507.0
2012-01-10,1469,1213.0,228.0
2012-01-11,1470,1064.0,177.0
2012-01-12,1471,138.0,30.0
2012-01-13,1472,380.0,81.0
2012-01-14,1473,23.0,3.0
2012-01-15,1474,922.0,98.0
2012-01-16,1475,1860.0,322.0
2012-01-17,1476,1193.0,190.0
2012-01-18,1477,62.0,9.0
2012-01-19,1478,324.0,60.0
2012-01-20,1479,4442.0,484.0
2012-01-21,1480,1182.0,207.0
2012-01-22,1481,21.0,3.0
2012-01-23,1482,149.0,25.0
2012-01-24,1483,3309.0,434.0
2012-01-25,1484,3250.0,540.0
2012-01-26,1485,1914.0,347.0
2012-01-27,1486,9659.0,624.0
2012-01-28,1487,7597.0,815.0
2012-01-29,1488,1660.0,273.0
2012-01-30,1489,2533.0,384.0
2012-01-31,1490,189.0,30.0
2012-02-01,1491,4605.0,650.0
2012-02-02,1492,11029.0,955.0
2012-02-03,1493,18859.0,1790.0
2012-02-04,1494,13601.0,1143.0
2012-02-05,1495,6653.0,728.0
2012-02-06,1496,24808.0,1634.0
2012-02-07,1497,3461.0,628.0
2012-02-08,1498,3543.0,540.0
2012-02-09,1499,1951.0,287.0
2012-02-10,1500,9788.0,1140.0
2012-02-11,1501,7170.0,909.0
2012-02-12,1502,7811.0,1110.0
2012-02-13,1503,4398.0,758.0
2012-02-14,1504,5367.0,899.0
2012-02-15,1505,1607.0,316.0
2012-02-16,1506,730.0,125.0
2012-02-17,1507,451.0,55.0
2012-02-18,1508,203.0,30.0
2012-02-19,1509,157.0,31.0
2012-02-20,1510,1670.0,271.0
2012-02-21,1511,1442.0,216.0
2012-02-22,1512,1019.0,168.0
2012-02-23,1513,395.0,69.0
2012-02-24,1514,59.0,9.0
2012-02-25,1515,18.0,1.0
2012-02-26,1516,1021.0,138.0
2012-02-27,1517,4380.0,386.0
2012-02-28,1518,98.0,17.0
2012-02-29,1519,496.0,78.0
2012-03-01,1520,1548.0,208.0
2012-03-02,1521,3396.0,290.0
2012-03-03,1522,740.0,78.0
2012-03-04,1523,4914.0,410.0
2012-03-05,1524,27002.0,1414.0
2012-03-06,1525,7275.0,635.0
2012-03-07,1526,3422.0,318.0
2012-03-08,1527,13264.0,630.0
2012-03-09,1528,516.0,103.0
2012-03-10,1529,7410.0,708.0
2012-03-11,1530,1468.0,163.0
2012-03-12,1531,1223.0,199.0
2012-03-13,1532,822.0,126.0
2012-03-14,1533,19.0,2.0
2012-03-15,1534,7414.0,431.0
2012-03-16,1535,3819.0,314.0
2012-03-17,1536,1538.0,152.0
2012-03-18,1537,688.0,121.0
2012-03-19,1538,2074.0,228.0
2012-03-20,1539,1012.0,133.0
2012-03-21,1540,1611.0,205.0
2012-03-22,1541,731.0,74.0
2012-03-23,1542,4329.0,367.0
2012-03-24,1543,6999.0,687.0
2012-03-25,1544,5711.0,634.0
2012-03-26,1545,1535.0,144.0
2012-03-27,1546,300.0,34.0
2012-03-28,1547,910.0,119.0
2012-03-29,1548,550.0,96.0
2012-03-30,1549,1309.0,195.0
2012-03-31,1550,7108.0,410.0
2012-04-01,1551,11913.0,939.0
2012-04-02,1552,13432.0,1249.0
2012-04-03,1553,14918.0,1213.0
2012-04-04,1554,19057.0,1344.0
2012-04-05,1555,32742.0,2441.0
2012-04-06,1556,28085.0,1944.0
2012-04-07,1557,10162.0,1002.0
2012-04-08,1558,11591.0,1457.0
2012-04-09,1559,1740.0,266.0
2012-04-10,1560,6439.0,630.0
2012-04-11,1561,4442.0,429.0
2012-04-12,1562,3452.0,527.0
2012-04-13,1563,5255.0,669.0
2012-04-14,1564,25504.0,2273.0
2012-04-15,1565,16041.0,1888.0
2012-04-16,1566,17292.0,1467.0
2012-04-17,1567,7630.0,920.0
2012-04-18,1568,4400.0,605.0
2012-04-19,1569,14404.0,1705.0
2012-04-20,1570,29157.0,2411.0
2012-04-21,1571,17156.0,1801.0
2012-04-22,1572,12223.0,1377.0
2012-04-23,1573,10943.0,901.0
2012-04-24,1574,5430.0,682.0
2012-04-25,1575,12839.0,803.0
2012-04-26,1576,1767.0,204.0
2012-04-27,1577,1471.0,188.0
2012-04-28,1578,9356.0,1055.0
2012-04-29,1579,13808.0,1303.0
2012-04-30,1580,12930.0,1281.0
2012-05-01,1581,24291.0,1252.0
2012-05-02,1582,73640.0,3370.0
2012-05-03,1583,116580.0,5280.0
2012-05-04,1584,87316.0,4638.0
2012-05-05,1585,60300.0,3466.0
2012-05-06,1586,37595.0,2015.0
2012-05-07,1587,14006.0,918.0
2012-05-08,1588,6148.0,531.0
2012-05-09,1589,16497.0,1111.0
2012-05-10,1590,17211.0,1185.0
2012-05-11,1591,28910.0,1667.0
2012-05-12,1592,27913.0,1647.0
2012-05-13,1593,18898.0,1424.0
2012-05-14,1594,26112.0,1261.0
2012-05-15,1595,14470.0,1200.0
2012-05-16,1596,7283.0,681.0
2012-05-17,1597,12525.0,1178.0
2012-05-18,1598,10991.0,1022.0
2012-05-19,1599,23450.0,1448.0
2012-05-20,1600,70229.0,3167.0
2012-05-21,1601,56004.0,2789.0
2012-05-22,1602,58233.0,2903.0
2012-05-23,1603,95174.0,3256.0
2012-05-24,1604,74256.0,3490.0
2012-05-25,1605,56728.0,2465.0
2012-05-26,1606,75945.0,3299.0
2012-05-27,1607,59524.0,2767.0
2012-05-28,1608,32473.0,2091.0
2012-05-29,1609,41316.0,2478.0
2012-05-30,1610,39628.0,2844.0
2012-05-31,1611,41390.0,2335.0
2012-06-01,1612,53824.0,2473.0
2012-06-02,1613,45870.0,2375.0
2012-06-03,1614,39000.0,2288.0
2012-06-04,1615,52637.0,2228.0
2012-06-05,1616,48711.0,2148.0
2012-06-06,1617,1340.0,178.0
2012-06-07,1618,42205.0,1892.0
2012-06-08,1619,33831.0,1736.0
2012-06-09,1620,60692.0,2558.0
2012-06-10,1621,117924.0,2953.0
2012-06-11,1622,48298.0,3137.0
2012-06-12,1623,30903.0,2832.0
2012-06-13,1624,29610.0,1940.0
2012-06-14,1625,6867.0,654.0
2012-06-15,1626,4776.0,500.0
2012-06-16,1627,27788.0,1536.0
2012-06-17,1628,10230.0,837.0
2012-06-18,1629,136593.0,3637.0
2012-06-19,1630,54284.0,2604.0
2012-06-20,1631,107883.0,2814.0
2012-06-21,1632,128220.0,4225.0
2012-06-22,1633,71972.0,2012.0
2012-06-23,1634,48008.0,1495.0
2012-06-24,1635,68072.0,1871.0
2012-06-25,1636,48001.0,1774.0
2012-06-26,1637,10290.0,487.0
2012-06-27,1638,23424.0,1274.0
2012-06-28,1639,104000.0,2450.0
2012-06-29,1640,155415.0,3407.0
2012-06-30,1641,131100.0,2971.0
2012-07-01,1642,203145.0,5498.0
2012-07-02,1643,101012.0,2421.0
2012-07-03,1644,210635.0,4609.0
2012-07-04,1645,81222.0,4215.0
2012-07-05,1646,192200.0,6047.0
2012-07-06,1647,238934.0,7170.0
2012-07-07,1648,197449.0,5895.0
2012-07-08,1649,105552.0,3925.0
2012-07-09,1650,58156.0,2653.0
2012-07-10,1651,59319.0,3394.0
2012-07-11,1652,104363.0,5096.0
2012-07-12,1653,36647.0,3382.0
2012-07-13,1654,14153.0,1001.0
2012-07-14,1655,24154.0,2115.0
2012-07-15,1656,35923.0,2507.0
2012-07-16,1657,6887.0,842.0
2012-07-17,1658,2354.0,379.0
2012-07-18,1659,2944.0,342.0
2012-07-19,1660,39344.0,3037.0
2012-07-20,1661,16638.0,1015.0
2012-07-21,1662,25926.0,1688.0
2012-07-22,1663,27832.0,2022.0
2012-07-23,1664,146962.0,4678.0
2012-07-24,1665,48343.0,2857.0
2012-07-25,1666,83896.0,3937.0
2012-07-26,1667,107326.0,4945.0
2012-07-27,1668,159097.0,6248.0
2012-07-28,1669,140428.0,5593.0
2012-07-29,1670,176992.0,6408.0
2012-07-30,1671,26762.0,2143.0
2012-07-31,1672,70849.0,2415.0
2012-08-01,1673,103264.0,3069.0
2012-08-02,1674,88006.0,3437.0
2012-08-03,1675,88911.0,3517.0
2012-08-04,1676,90456.0,3617.0
2012-08-05,1677,140232.0,5084.0
2012-08-06,1678,152794.0,4020.0
2012-08-07,1679,9929.0,922.0
2012-08-08,1680,7800.0,742.0
2012-08-09,1681,45027.0,2169.0
2012-08-10,1682,51281.0,1729.0
2012-08-11,1683,62524.0,2015.0
2012-08-12,1684,18398.0,879.0
2012-08-13,1685,12226.0,555.0
2012-08-14,1686,30619.0,791.0
2012-08-15,1687,22214.0,1098.0
2012-08-16,1688,25114.0,838.0
2012-08-17,1689,4792.0,343.0
2012-08-18,1690,5471.0,302.0
2012-08-19,1691,9370.0,646.0
2012-08-20,1692,146932.0,2970.0
2012-08-21,1693,72001.0,2429.0
2012-08-22,1694,145795.0,4176.0
2012-08-23,1695,78815.0,2952.0
2012-08-24,1696,44225.0,2428.0
2012-08-25,1697,60980.0,2618.0
2012-08-26,1698,130704.0,3677.0
2012-08-27,1699,13580.0,1131.0
2012-08-28,1700,21616.0,668.0
2012-08-29,1701,69092.0,2493.0
2012-08-30,1702,80971.0,2909.0
2012-08-31,1703,176381.0,3598.0
2012-09-01,1704,84051.0,2060.0
2012-09-02,1705,119488.0,2780.0
2012-09-03,1706,107522.0,2836.0
2012-09-04,1707,56050.0,1787.0
2012-09-05,1708,75487.0,2478.0
2012-09-06,1709,44320.0,1562.0
2012-09-07,1710,17528.0,928.0
2012-09-08,1711,29175.0,1867.0
2012-09-09,1712,39995.0,1469.0
2012-09-10,1713,32248.0,1530.0
2012-09-11,1714,80233.0,3678.0
2012-09-12,1715,50686.0,1886.0
2012-09-13,1716,144768.0,3412.0
2012-09-14,1717,165069.0,3832.0
2012-09-15,1718,52062.0,2688.0
2012-09-16,1719,25752.0,962.0
2012-09-17,1720,11497.0,403.0
2012-09-18,1721,4598.0,498.0
2012-09-19,1722,20799.0,1514.0
2012-09-20,1723,43608.0,1113.0
2012-09-21,1724,1610.0,235.0
2012-09-22,1725,10783.0,825.0
2012-09-23,1726,17069.0,1448.0
2012-09-24,1727,87936.0,2056.0
2012-09-25,1728,14720.0,1604.0
2012-09-26,1729,14500.0,1009.0
2012-09-27,1730,5213.0,648.0
2012-09-28,1731,23197.0,1130.0
2012-09-29,1732,52445.0,1790.0
2012-09-30,1733,63826.0,2215.0
2012-10-01,1734,22128.0,1622.0
2012-10-02,1735,75479.0,2232.0
2012-10-03,1736,19607.0,1018.0
2012-10-04,1737,16797.0,682.0
2012-10-05,1738,1987.0,211.0
2012-10-06,1739,668.0,107.0
2012-10-07,1740,3265.0,263.0
2012-10-08,1741,2284.0,149.0
2012-10-09,1742,8164.0,546.0
2012-10-10,1743,19588.0,930.0
2012-10-11,1744,39596.0,1942.0
2012-10-12,1745,204577.0,4315.0
2012-10-13,1746,232071.0,4505.0
2012-10-14,1747,170783.0,3962.0
2012-10-15,1748,165900.0,4432.0
2012-10-16,1749,102982.0,1388.0
2012-10-17,1750,1708.0,153.0
2012-10-18,1751,3014.0,305.0
2012-10-19,1752,14157.0,706.0
2012-10-20,1753,5824.0,452.0
2012-10-21,1754,19106.0,1214.0
2012-10-22,1755,20317.0,1158.0
2012-10-23,1756,34824.0,1779.0
2012-10-24,1757,52072.0,2913.0
2012-10-25,1758,17083.0,1468.0
2012-10-26,1759,43952.0,2353.0
2012-10-27,1760,84102.0,4682.0
2012-10-28,1761,26971.0,2261.0
2012-10-29,1762,64945.0,2105.0
2012-10-30,1763,656.0,110.0
2012-10-31,1764,8586.0,665.0
2012-11-01,1765,67914.0,1558.0
2012-11-02,1766,2812.0,413.0
2012-11-03,1767,1289.0,200.0
2012-11-04,1768,1393.0,207.0
2012-11-05,1769,1823.0,273.0
2012-11-06,1770,2321.0,431.0
2012-11-07,1771,3643.0,513.0
2012-11-08,1772,3248.0,510.0
2012-11-09,1773,5507.0,660.0
2012-11-10,1774,1661.0,254.0
2012-11-11,1775,36772.0,2311.0
2012-11-12,1776,15212.0,1232.0
2012-11-13,1777,31581.0,1199.0
2012-11-14,1778,73787.0,2096.0
2012-11-15,1779,60762.0,2271.0
2012-11-16,1780,39624.0,1993.0
2012-11-17,1781,11135.0,795.0
2012-11-18,1782,24657.0,1976.0
2012-11-19,1783,30321.0,1971.0
2012-11-20,1784,22398.0,1490.0
2012-11-21,1785,16332.0,1349.0
2012-11-22,1786,591.0,94.0
2012-11-23,1787,3235.0,306.0
2012-11-24,1788,686.0,120.0
2012-11-25,1789,17.0,2.0
2012-11-26,1790,309.0,67.0
2012-11-27,1791,26552.0,1497.0
2012-11-28,1792,69082.0,4223.0
2012-11-29,1793,39936.0,2601.0
2012-11-30,1794,9938.0,1396.0
2012-12-01,1795,8791.0,938.0
2012-12-02,1796,25676.0,2224.0
2012-12-03,1797,4863.0,740.0
2012-12-04,1798,2493.0,403.0
2012-12-05,1799,19935.0,2690.0
2012-12-06,1800,6690.0,1035.0
2012-12-07,1801,849.0,164.0
2012-12-08,1802,13978.0,1677.0
2012-12-09,1803,17564.0,2198.0
2012-12-10,1804,5297.0,619.0
2012-12-11,1805,2428.0,363.0
2012-12-12,1806,452.0,78.0
2012-12-13,1807,159.0,29.0
2012-12-14,1808,2345.0,362.0
2012-12-15,1809,2447.0,420.0
2012-12-16,1810,5881.0,861.0
2012-12-17,1811,16777.0,1138.0
2012-12-18,1812,16120.0,1920.0
2012-12-19,1813,11315.0,1326.0
2012-12-20,1814,686.0,131.0
2012-12-21,1815,593.0,120.0
2012-12-22,1816,1206.0,204.0
2012-12-23,1817,33.0,8.0
2012-12-24,1818,150.0,30.0
2012-12-25,1819,3138.0,315.0
2012-12-26,1820,1423.0,167.0
2012-12-27,1821,732.0,99.0
2012-12-28,1822,2716.0,334.0
2012-12-29,1823,11287.0,751.0
2012-12-30,1824,3929.0,426.0
2012-12-31,1825,1079.0,139.0
2013-01-01,1826,269.0,33.0
2013-01-02,1827,469.0,85.0
2013-01-03,1828,943.0,113.0
2013-01-04,1829,10.0,2.0
2013-01-05,1830,2018.0,244.0
2013-01-06,1831,2765.0,410.0
2013-01-07,1832,444.0,65.0
2013-01-08,1833,24.0,4.0
2013-01-09,1834,32.0,1.0
2013-01-10,1835,318.0,54.0
2013-01-11,1836,4479.0,411.0
2013-01-12,1837,1073.0,184.0
2013-01-13,1838,15957.0,1586.0
2013-01-14,1839,13353.0,1587.0
2013-01-15,1840,45302.0,3068.0
2013-01-16,1841,19377.0,2329.0
2013-01-17,1842,3345.0,595.0
2013-01-18,1843,15524.0,2003.0
2013-01-19,1844,1536.0,280.0
2013-01-20,1845,1553.0,252.0
2013-01-21,1846,18211.0,1494.0
2013-01-22,1847,6899.0,1006.0
2013-01-23,1848,16744.0,2227.0
2013-01-24,1849,24742.0,2487.0
2013-01-25,1850,12202.0,1472.0
2013-01-26,1851,7979.0,1012.0
2013-01-27,1852,2700.0,411.0
2013-01-28,1853,432.0,80.0
2013-01-29,1854,142.0,27.0
2013-01-30,1855,583.0,106.0
2013-01-31,1856,1762.0,198.0
2013-02-01,1857,27.0,4.0
2013-02-02,1858,6282.0,933.0
2013-02-03,1859,3211.0,544.0
2013-02-04,1860,454.0,79.0
2013-02-05,1861,4890.0,726.0
2013-02-06,1862,13534.0,1599.0
2013-02-07,1863,15854.0,2259.0
2013-02-08,1864,8354.0,1173.0
2013-02-09,1865,4334.0,682.0
2013-02-10,1866,3873.0,622.0
2013-02-11,1867,6941.0,970.0
2013-02-12,1868,7751.0,1166.0
2013-02-13,1869,5403.0,879.0
2013-02-14,1870,2525.0,374.0
2013-02-15,1871,1621.0,232.0
2013-02-16,1872,2940.0,437.0
2013-02-17,1873,603.0,112.0
2013-02-18,1874,3134.0,398.0
2013-02-19,1875,7130.0,661.0
2013-02-20,1876,2947.0,221.0
2013-02-21,1877,2713.0,313.0
2013-02-22,1878,17285.0,729.0
2013-02-23,1879,3051.0,465.0
2013-02-24,1880,17036.0,1020.0
2013-02-25,1881,20215.0,1285.0
2013-02-26,1882,9807.0,1073.0
2013-02-27,1883,2491.0,410.0
2013-02-28,1884,7956.0,786.0
2013-03-01,1885,1648.0,276.0
2013-03-02,1886,6925.0,656.0
2013-03-03,1887,1009.0,168.0
2013-03-04,1888,103.0,14.0
2013-03-05,1889,279.0,50.0
2013-03-06,1890,2405.0,327.0
2013-03-07,1891,2198.0,320.0
2013-03-08,1892,3081.0,479.0
2013-03-09,1893,4458.0,675.0
2013-03-10,1894,16559.0,1611.0
2013-03-11,1895,13428.0,1369.0
2013-03-12,1896,20692.0,1994.0
2013-03-13,1897,9522.0,1002.0
2013-03-14,1898,8103.0,990.0
2013-03-15,1899,7047.0,1015.0
2013-03-16,1900,827.0,143.0
2013-03-17,1901,4543.0,471.0
2013-03-18,1902,1376.0,185.0
2013-03-19,1903,5928.0,601.0
2013-03-20,1904,1796.0,215.0
2013-03-21,1905,1714.0,228.0
2013-03-22,1906,865.0,140.0
2013-03-23,1907,3684.0,444.0
2013-03-24,1908,7243.0,712.0
2013-03-25,1909,5953.0,602.0
2013-03-26,1910,944.0,149.0
2013-03-27,1911,268.0,52.0
2013-03-28,1912,246.0,40.0
2013-03-29,1913,290.0,56.0
2013-03-30,1914,1864.0,239.0
2013-03-31,1915,4803.0,543.0
2013-04-01,1916,6731.0,807.0
2013-04-02,1917,5032.0,684.0
2013-04-03,1918,2626.0,462.0
2013-04-04,1919,2859.0,481.0
2013-04-05,1920,3359.0,455.0
2013-04-06,1921,4776.0,512.0
2013-04-07,1922,8250.0,480.0
2013-04-08,1923,535.0,108.0
2013-04-09,1924,1809.0,204.0
2013-04-10,1925,3351.0,326.0
2013-04-11,1926,609.0,114.0
2013-04-12,1927,9794.0,986.0
2013-04-13,1928,7601.0,811.0
2013-04-14,1929,1979.0,221.0
2013-04-15,1930,2860.0,284.0
2013-04-16,1931,1350.0,161.0
2013-04-17,1932,214.0,29.0
2013-04-18,1933,3016.0,266.0
2013-04-19,1934,14617.0,868.0
2013-04-20,1935,4113.0,387.0
2013-04-21,1936,7246.0,789.0
2013-04-22,1937,19195.0,1399.0
2013-04-23,1938,3296.0,392.0
2013-04-24,1939,7006.0,914.0
2013-04-25,1940,10452.0,1030.0
2013-04-26,1941,11924.0,960.0
2013-04-27,1942,12881.0,951.0
2013-04-28,1943,5168.0,598.0
2013-04-29,1944,17095.0,1838.0
2013-04-30,1945,7719.0,779.0
2013-05-01,1946,23106.0,1539.0
2013-05-02,1947,79564.0,3044.0
2013-05-03,1948,80753.0,3285.0
2013-05-04,1949,36103.0,2360.0
2013-05-05,1950,35490.0,1860.0
2013-05-06,1951,57180.0,2357.0
2013-05-07,1952,59963.0,3040.0
2013-05-08,1953,49347.0,2717.0
2013-05-09,1954,70844.0,3260.0
2013-05-10,1955,13873.0,956.0
2013-05-11,1956,46477.0,2487.0
2013-05-12,1957,59813.0,3376.0
2013-05-13,1958,25086.0,1806.0
2013-05-14,1959,38068.0,2530.0
2013-05-15,1960,37914.0,2047.0
2013-05-16,1961,15895.0,1567.0
2013-05-17,1962,59883.0,4005.0
2013-05-18,1963,47828.0,2915.0
2013-05-19,1964,38922.0,2242.0
2013-05-20,1965,50734.0,3508.0
2013-05-21,1966,36722.0,2980.0
2013-05-22,1967,55778.0,4102.0
2013-05-23,1968,55187.0,2315.0
2013-05-24,1969,16119.0,909.0
2013-05-25,1970,13631.0,1550.0
2013-05-26,1971,22463.0,2233.0
2013-05-27,1972,29010.0,1965.0
2013-05-28,1973,16691.0,1366.0
2013-05-29,1974,36947.0,2315.0
2013-05-30,1975,98436.0,4177.0
2013-05-31,1976,38815.0,2683.0
2013-06-01,1977,25659.0,1973.0
2013-06-02,1978,46167.0,2749.0
2013-06-03,1979,52275.0,2463.0
2013-06-04,1980,30767.0,1906.0
2013-06-05,1981,48111.0,3113.0
2013-06-06,1982,81920.0,4277.0
2013-06-07,1983,100000.0,5614.0
2013-06-08,1984,80599.0,5049.0
2013-06-09,1985,103552.0,4020.0
2013-06-10,1986,128920.0,3935.0
2013-06-11,1987,60643.0,2932.0
2013-06-12,1988,21476.0,1063.0
2013-06-13,1989,20308.0,1366.0
2013-06-14,1990,10576.0,748.0
2013-06-15,1991,15432.0,1202.0
2013-06-16,1992,13459.0,1235.0
2013-06-17,1993,47432.0,2237.0
2013-06-18,1994,137756.0,3089.0
2013-06-19,1995,213774.0,3926.0
2013-06-20,1996,228031.0,5009.0
2013-06-21,1997,181007.0,3391.0
2013-06-22,1998,163904.0,3618.0
2013-06-23,1999,135911.0,3861.0
2013-06-24,2000,89937.0,3420.0
2013-06-25,2001,55562.0,2126.0
2013-06-26,2002,16427.0,1131.0
2013-06-27,2003,9995.0,823.0
2013-06-28,2004,6691.0,662.0
2013-06-29,2005,28719.0,2101.0
2013-06-30,2006,1674.0,243.0
2013-07-01,2007,31658.0,1900.0
2013-07-02,2008,45865.0,2757.0
2013-07-03,2009,37426.0,1575.0
2013-07-04,2010,50993.0,1774.0
2013-07-05,2011,75522.0,2669.0
2013-07-06,2012,58497.0,3105.0
2013-07-07,2013,67759.0,3029.0
2013-07-08,2014,99031.0,3796.0
2013-07-09,2015,133171.0,5196.0
2013-07-10,2016,121328.0,6150.0
2013-07-11,2017,101391.0,4596.0
2013-07-12,2018,47470.0,2763.0
2013-07-13,2019,76723.0,3068.0
2013-07-14,2020,60059.0,2093.0
2013-07-15,2021,24951.0,1494.0
2013-07-16,2022,38421.0,1841.0
2013-07-17,2023,51569.0,2355.0
2013-07-18,2024,79015.0,3107.0
2013-07-19,2025,96824.0,3880.0
2013-07-20,2026,44589.0,2798.0
2013-07-21,2027,97280.0,3911.0
2013-07-22,2028,78739.0,2961.0
2013-07-23,2029,136392.0,5643.0
2013-07-24,2030,57100.0,2560.0
2013-07-25,2031,51252.0,1966.0
2013-07-26,2032,116169.0,3714.0
2013-07-27,2033,192524.0,4851.0
2013-07-28,2034,126174.0,4534.0
2013-07-29,2035,247821.0,6325.0
2013-07-30,2036,124163.0,4064.0
2013-07-31,2037,10020.0,860.0
2013-08-01,2038,3984.0,284.0
2013-08-02,2039,79852.0,2863.0
2013-08-03,2040,86398.0,3425.0
2013-08-04,2041,128300.0,3053.0
2013-08-05,2042,40087.0,1632.0
2013-08-06,2043,185004.0,5021.0
2013-08-07,2044,87981.0,3193.0
2013-08-08,2045,153346.0,3396.0
2013-08-09,2046,215398.0,5644.0
2013-08-10,2047,165540.0,5436.0
2013-08-11,2048,23502.0,2103.0
2013-08-12,2049,34407.0,2672.0
2013-08-13,2050,35298.0,2975.0
2013-08-14,2051,52048.0,2414.0
2013-08-15,2052,25707.0,1290.0
2013-08-16,2053,84758.0,2682.0
2013-08-17,2054,34107.0,1542.0
2013-08-18,2055,16508.0,917.0
2013-08-19,2056,45966.0,2351.0
2013-08-20,2057,84731.0,2981.0
2013-08-21,2058,130207.0,2516.0
2013-08-22,2059,51380.0,1619.0
2013-08-23,2060,42118.0,1809.0
2013-08-24,2061,98613.0,3985.0
2013-08-25,2062,169204.0,3114.0
2013-08-26,2063,132631.0,4169.0
2013-08-27,2064,197960.0,4625.0
2013-08-28,2065,143733.0,5218.0
2013-08-29,2066,37665.0,2308.0
2013-08-30,2067,98954.0,2803.0
2013-08-31,2068,65685.0,2503.0
2013-09-01,2069,74744.0,2093.0
2013-09-02,2070,10685.0,707.0
2013-09-03,2071,13879.0,791.0
2013-09-04,2072,19101.0,942.0
2013-09-05,2073,90975.0,3121.0
2013-09-06,2074,91476.0,3824.0
2013-09-07,2075,64993.0,2996.0
2013-09-08,2076,14643.0,1261.0
2013-09-09,2077,36314.0,2168.0
2013-09-10,2078,27253.0,1679.0
2013-09-11,2079,49725.0,2250.0
2013-09-12,2080,69558.0,2634.0
2013-09-13,2081,20509.0,1457.0
2013-09-14,2082,13012.0,500.0
2013-09-15,2083,21059.0,1923.0
2013-09-16,2084,83541.0,2492.0
2013-09-17,2085,22990.0,1329.0
2013-09-18,2086,4866.0,499.0
2013-09-19,2087,20479.0,948.0
2013-09-20,2088,1380.0,118.0
2013-09-21,2089,746.0,82.0
2013-09-22,2090,23420.0,850.0
2013-09-23,2091,12712.0,376.0
2013-09-24,2092,434.0,41.0
2013-09-25,2093,1167.0,107.0
2013-09-26,2094,3857.0,398.0
2013-09-27,2095,6125.0,705.0
2013-09-28,2096,27311.0,1459.0
2013-09-29,2097,96546.0,2732.0
2013-09-30,2098,90297.0,2567.0
2013-10-01,2099,27302.0,1056.0
2013-10-02,2100,11392.0,630.0
2013-10-03,2101,31305.0,2253.0
2013-10-04,2102,82437.0,2985.0
2013-10-05,2103,95095.0,3122.0
2013-10-06,2104,53976.0,2264.0
2013-10-07,2105,33263.0,2075.0
2013-10-08,2106,51976.0,2273.0
2013-10-09,2107,60837.0,2063.0
2013-10-10,2108,40363.0,1410.0
2013-10-11,2109,51964.0,1512.0
2013-10-12,2110,18537.0,1172.0
2013-10-13,2111,5533.0,459.0
2013-10-14,2112,7272.0,542.0
2013-10-15,2113,26384.0,1287.0
2013-10-16,2114,55509.0,2010.0
2013-10-17,2115,471.0,65.0
2013-10-18,2116,1600.0,181.0
2013-10-19,2117,12267.0,1433.0
2013-10-20,2118,35175.0,1958.0
2013-10-21,2119,31423.0,1107.0
2013-10-22,2120,10561.0,1032.0
2013-10-23,2121,14841.0,1014.0
2013-10-24,2122,24115.0,600.0
2013-10-25,2123,7985.0,794.0
2013-10-26,2124,3464.0,500.0
2013-10-27,2125,2810.0,367.0
2013-10-28,2126,735.0,145.0
2013-10-29,2127,81996.0,1578.0
2013-10-30,2128,27103.0,1449.0
2013-10-31,2129,73535.0,2846.0
2013-11-01,2130,24762.0,1091.0
2013-11-02,2131,16496.0,600.0
2013-11-03,2132,2767.0,334.0
2013-11-04,2133,24837.0,1693.0
2013-11-05,2134,89215.0,3405.0
2013-11-06,2135,26421.0,1045.0
2013-11-07,2136,572.0,117.0
2013-11-08,2137,1059.0,172.0
2013-11-09,2138,4126.0,544.0
2013-11-10,2139,18062.0,1460.0
2013-11-11,2140,50991.0,2786.0
2013-11-12,2141,42055.0,2264.0
2013-11-13,2142,85077.0,3271.0
2013-11-14,2143,27957.0,1637.0
2013-11-15,2144,31504.0,2562.0
2013-11-16,2145,34097.0,1932.0
2013-11-17,2146,11637.0,1031.0
2013-11-18,2147,77800.0,3595.0
2013-11-19,2148,63189.0,3244.0
2013-11-20,2149,17806.0,1484.0
2013-11-21,2150,24025.0,2386.0
2013-11-22,2151,15918.0,1884.0
2013-11-23,2152,27358.0,3641.0
2013-11-24,2153,26879.0,2823.0
2013-11-25,2154,19296.0,2495.0
2013-11-26,2155,9594.0,932.0
2013-11-27,2156,2016.0,221.0
2013-11-28,2157,4719.0,628.0
2013-11-29,2158,4727.0,735.0
2013-11-30,2159,14913.0,1238.0
2013-12-01,2160,23961.0,1526.0
2013-12-02,2161,9343.0,743.0
2013-12-03,2162,9216.0,925.0
2013-12-04,2163,226.0,35.0
2013-12-05,2164,4079.0,684.0
2013-12-06,2165,1127.0,197.0
2013-12-07,2166,91.0,17.0
2013-12-08,2167,7.0,0.0
2013-12-09,2168,3.0,0.0
2013-12-10,2169,47.0,7.0
2013-12-11,2170,9.0,2.0
2013-12-12,2171,5.0,0.0
2013-12-13,2172,78.0,17.0
2013-12-14,2173,53.0,6.0
2013-12-15,2174,1156.0,223.0
2013-12-16,2175,1829.0,221.0
2013-12-17,2176,482.0,72.0
2013-12-18,2177,590.0,73.0
2013-12-19,2178,1181.0,214.0
2013-12-20,2179,750.0,137.0
2013-12-21,2180,2110.0,378.0
2013-12-22,2181,749.0,140.0
2013-12-23,2182,4209.0,389.0
2013-12-24,2183,57577.0,1718.0
2013-12-25,2184,14646.0,1050.0
2013-12-26,2185,10763.0,1562.0
2013-12-27,2186,4491.0,598.0
2013-12-28,2187,683.0,119.0
2013-12-29,2188,101.0,22.0
2013-12-30,2189,435.0,80.0
2013-12-31,2190,419.0,92.0
2014-01-01,2191,1444.0,161.0
2014-01-02,2192,257.0,32.0
2014-01-03,2193,7229.0,954.0
2014-01-04,2194,4431.0,796.0
2014-01-05,2195,2566.0,386.0
2014-01-06,2196,1838.0,336.0
2014-01-07,2197,1556.0,219.0
2014-01-08,2198,148.0,27.0
2014-01-09,2199,170.0,28.0
2014-01-10,2200,7.0,0.0
2014-01-11,2201,196.0,22.0
2014-01-12,2202,122.0,29.0
2014-01-13,2203,10112.0,898.0
2014-01-14,2204,5032.0,472.0
2014-01-15,2205,4489.0,579.0
2014-01-16,2206,2058.0,213.0
2014-01-17,2207,2819.0,311.0
2014-01-18,2208,3131.0,353.0
2014-01-19,2209,13774.0,1145.0
2014-01-20,2210,14287.0,1467.0
2014-01-21,2211,5695.0,813.0
2014-01-22,2212,551.0,92.0
2014-01-23,2213,1613.0,188.0
2014-01-24,2214,7155.0,910.0
2014-01-25,2215,7722.0,1063.0
2014-01-26,2216,2417.0,336.0
2014-01-27,2217,2091.0,335.0
2014-01-28,2218,16752.0,1773.0
2014-01-29,2219,4478.0,623.0
2014-01-30,2220,1992.0,301.0
2014-01-31,2221,2140.0,216.0
2014-02-01,2222,1001.0,193.0
2014-02-02,2223,119.0,17.0
2014-02-03,2224,645.0,113.0
2014-02-04,2225,2168.0,335.0
2014-02-05,2226,1458.0,266.0
2014-02-06,2227,1313.0,239.0
2014-02-07,2228,533.0,86.0
2014-02-08,2229,2638.0,323.0
2014-02-09,2230,1479.0,244.0
2014-02-10,2231,1050.0,199.0
2014-02-11,2232,2555.0,317.0
2014-02-12,2233,2898.0,410.0
2014-02-13,2234,3526.0,507.0
2014-02-14,2235,1809.0,233.0
2014-02-15,2236,436.0,79.0
2014-02-16,2237,596.0,85.0
2014-02-17,2238,2051.0,166.0
2014-02-18,2239,932.0,70.0
2014-02-19,2240,6012.0,363.0
2014-02-20,2241,306.0,53.0
2014-02-21,2242,1425.0,218.0
2014-02-22,2243,3112.0,365.0
2014-02-23,2244,7790.0,810.0
2014-02-24,2245,3440.0,507.0
2014-02-25,2246,2360.0,412.0
2014-02-26,2247,3579.0,528.0
2014-02-27,2248,11121.0,1060.0
2014-02-28,2249,9640.0,1401.0
2014-03-01,2250,7440.0,916.0
2014-03-02,2251,4367.0,661.0
2014-03-03,2252,6974.0,1166.0
2014-03-04,2253,15776.0,1943.0
2014-03-05,2254,10264.0,1265.0
2014-03-06,2255,11133.0,1485.0
2014-03-07,2256,14008.0,1505.0
2014-03-08,2257,13371.0,1336.0
2014-03-09,2258,13246.0,1112.0
2014-03-10,2259,7894.0,963.0
2014-03-11,2260,951.0,162.0
2014-03-12,2261,124.0,21.0
2014-03-13,2262,741.0,103.0
2014-03-14,2263,1019.0,144.0
2014-03-15,2264,659.0,120.0
2014-03-16,2265,852.0,91.0
2014-03-17,2266,137.0,26.0
2014-03-18,2267,93.0,16.0
2014-03-19,2268,2600.0,335.0
2014-03-20,2269,4123.0,415.0
2014-03-21,2270,5258.0,507.0
2014-03-22,2271,3094.0,403.0
2014-03-23,2272,13538.0,1355.0
2014-03-24,2273,9890.0,1240.0
2014-03-25,2274,5516.0,908.0
2014-03-26,2275,8654.0,1052.0
2014-03-27,2276,39621.0,1816.0
2014-03-28,2277,4895.0,598.0
2014-03-29,2278,3630.0,256.0
2014-03-30,2279,220.0,38.0
2014-03-31,2280,1733.0,234.0
2014-04-01,2281,1246.0,207.0
2014-04-02,2282,2540.0,317.0
2014-04-03,2283,4783.0,590.0
2014-04-04,2284,4456.0,523.0
2014-04-05,2285,9112.0,891.0
2014-04-06,2286,8063.0,831.0
2014-04-07,2287,10650.0,975.0
2014-04-08,2288,21728.0,1399.0
2014-04-09,2289,8871.0,782.0
2014-04-10,2290,19283.0,1268.0
2014-04-11,2291,17212.0,1171.0
2014-04-12,2292,12343.0,1040.0
2014-04-13,2293,3973.0,429.0
2014-04-14,2294,8388.0,1124.0
2014-04-15,2295,12635.0,1313.0
2014-04-16,2296,4811.0,507.0
2014-04-17,2297,7403.0,913.0
2014-04-18,2298,6702.0,1009.0
2014-04-19,2299,11575.0,991.0
2014-04-20,2300,9930.0,1029.0
2014-04-21,2301,16446.0,1494.0
2014-04-22,2302,34900.0,2219.0
2014-04-23,2303,42976.0,2306.0
2014-04-24,2304,60770.0,3052.0
2014-04-25,2305,47829.0,2547.0
2014-04-26,2306,41035.0,2707.0
2014-04-27,2307,50058.0,2421.0
2014-04-28,2308,37067.0,2263.0
2014-04-29,2309,48041.0,2866.0
2014-04-30,2310,54682.0,3230.0
2014-05-01,2311,50305.0,3493.0
2014-05-02,2312,65918.0,3497.0
2014-05-03,2313,35723.0,2457.0
2014-05-04,2314,8650.0,677.0
2014-05-05,2315,2007.0,130.0
2014-05-06,2316,3148.0,282.0
2014-05-07,2317,7087.0,737.0
2014-05-08,2318,6005.0,549.0
2014-05-09,2319,21915.0,1486.0
2014-05-10,2320,4231.0,463.0
2014-05-11,2321,41229.0,2338.0
2014-05-12,2322,6504.0,820.0
2014-05-13,2323,31722.0,2623.0
2014-05-14,2324,20138.0,1354.0
2014-05-15,2325,8590.0,810.0
2014-05-16,2326,23286.0,1651.0
2014-05-17,2327,34464.0,2136.0
2014-05-18,2328,6341.0,617.0
2014-05-19,2329,59342.0,3031.0
2014-05-20,2330,39988.0,3054.0
2014-05-21,2331,30363.0,2288.0
2014-05-22,2332,70306.0,4693.0
2014-05-23,2333,100350.0,4628.0
2014-05-24,2334,131895.0,6053.0
2014-05-25,2335,89403.0,4812.0
2014-05-26,2336,134743.0,6692.0
2014-05-27,2337,126453.0,5393.0
2014-05-28,2338,52177.0,2755.0
2014-05-29,2339,48133.0,2201.0
2014-05-30,2340,32046.0,1633.0
2014-05-31,2341,22510.0,1472.0
2014-06-01,2342,9246.0,910.0
2014-06-02,2343,7197.0,491.0
2014-06-03,2344,16124.0,1617.0
2014-06-04,2345,12144.0,1087.0
2014-06-05,2346,16595.0,1151.0
2014-06-06,2347,27653.0,1449.0
2014-06-07,2348,36550.0,2502.0
2014-06-08,2349,94061.0,3289.0
2014-06-09,2350,168322.0,5310.0
2014-06-10,2351,149538.0,5346.0
2014-06-11,2352,194508.0,5991.0
2014-06-12,2353,107029.0,4180.0
2014-06-13,2354,101523.0,4724.0
2014-06-14,2355,176453.0,5582.0
2014-06-15,2356,205278.0,4989.0
2014-06-16,2357,163470.0,4033.0
2014-06-17,2358,108736.0,3570.0
2014-06-18,2359,97256.0,4062.0
2014-06-19,2360,103896.0,4183.0
2014-06-20,2361,72447.0,3935.0
2014-06-21,2362,20046.0,1363.0
2014-06-22,2363,38415.0,2447.0
2014-06-23,2364,153088.0,6202.0
2014-06-24,2365,174897.0,6145.0
2014-06-25,2366,128454.0,5052.0
2014-06-26,2367,65816.0,3204.0
2014-06-27,2368,46987.0,2583.0
2014-06-28,2369,66272.0,3247.0
2014-06-29,2370,63451.0,3398.0
2014-06-30,2371,113712.0,3772.0
2014-07-01,2372,38696.0,1876.0
2014-07-02,2373,64366.0,3843.0
2014-07-03,2374,68773.0,2915.0
2014-07-04,2375,67630.0,1953.0
2014-07-05,2376,24815.0,1015.0
2014-07-06,2377,102938.0,4341.0
2014-07-07,2378,218576.0,5806.0
2014-07-08,2379,274317.0,6638.0
2014-07-09,2380,108762.0,3466.0
2014-07-10,2381,122608.0,3864.0
2014-07-11,2382,60032.0,2421.0
2014-07-12,2383,69821.0,2777.0
2014-07-13,2384,111638.0,4118.0
2014-07-14,2385,81797.0,3733.0
2014-07-15,2386,117859.0,4111.0
2014-07-16,2387,98499.0,3658.0
2014-07-17,2388,129526.0,5050.0
2014-07-18,2389,141930.0,5002.0
2014-07-19,2390,124169.0,4835.0
2014-07-20,2391,156716.0,5344.0
2014-07-21,2392,175484.0,4999.0
2014-07-22,2393,156773.0,4289.0
2014-07-23,2394,87597.0,4516.0
2014-07-24,2395,85113.0,3730.0
2014-07-25,2396,158566.0,6350.0
2014-07-26,2397,202480.0,6102.0
2014-07-27,2398,270154.0,8472.0
2014-07-28,2399,192079.0,6961.0
2014-07-29,2400,117208.0,4929.0
2014-07-30,2401,241051.0,5390.0
2014-07-31,2402,226000.0,4810.0
2014-08-01,2403,125181.0,4630.0
2014-08-02,2404,158811.0,7470.0
2014-08-03,2405,326631.0,8664.0
2014-08-04,2406,131952.0,5282.0
2014-08-05,2407,169284.0,5346.0
2014-08-06,2408,119639.0,4301.0
2014-08-07,2409,76077.0,3909.0
2014-08-08,2410,159035.0,5854.0
2014-08-09,2411,72745.0,2298.0
2014-08-10,2412,67968.0,3401.0
2014-08-11,2413,92682.0,3736.0
2014-08-12,2414,60823.0,4357.0
2014-08-13,2415,48625.0,2944.0
2014-08-14,2416,64968.0,3667.0
2014-08-15,2417,36414.0,3486.0
2014-08-16,2418,36068.0,2971.0
2014-08-17,2419,6006.0,670.0
2014-08-18,2420,29978.0,2554.0
2014-08-19,2421,18969.0,1792.0
2014-08-20,2422,73269.0,3134.0
2014-08-21,2423,87684.0,3050.0
2014-08-22,2424,54602.0,2143.0
2014-08-23,2425,143305.0,4213.0
2014-08-24,2426,16885.0,1168.0
2014-08-25,2427,2961.0,278.0
2014-08-26,2428,1698.0,229.0
2014-08-27,2429,5082.0,375.0
2014-08-28,2430,5554.0,460.0
2014-08-29,2431,15119.0,797.0
2014-08-30,2432,17046.0,1045.0
2014-08-31,2433,56887.0,3326.0
2014-09-01,2434,195281.0,4155.0
2014-09-02,2435,46251.0,1977.0
2014-09-03,2436,39247.0,1915.0
2014-09-04,2437,19895.0,964.0
2014-09-05,2438,35886.0,1766.0
2014-09-06,2439,92763.0,3807.0
2014-09-07,2440,103919.0,4474.0
2014-09-08,2441,124754.0,5155.0
2014-09-09,2442,88874.0,4255.0
2014-09-10,2443,134632.0,4900.0
2014-09-11,2444,240511.0,4764.0
2014-09-12,2445,45935.0,1539.0
2014-09-13,2446,116201.0,3620.0
2014-09-14,2447,99123.0,3949.0
2014-09-15,2448,108102.0,3027.0
2014-09-16,2449,60224.0,2946.0
2014-09-17,2450,134594.0,3312.0
2014-09-18,2451,91115.0,2605.0
2014-09-19,2452,156640.0,3917.0
2014-09-20,2453,187704.0,4686.0
2014-09-21,2454,67814.0,4420.0
2014-09-22,2455,114150.0,4546.0
2014-09-23,2456,62220.0,2608.0
2014-09-24,2457,118505.0,3664.0
2014-09-25,2458,110161.0,4144.0
2014-09-26,2459,33556.0,1564.0
2014-09-27,2460,22653.0,1282.0
2014-09-28,2461,47452.0,1776.0
2014-09-29,2462,66095.0,2102.0
2014-09-30,2463,36963.0,1783.0
2014-10-01,2464,38488.0,1214.0
2014-10-02,2465,48774.0,2041.0
2014-10-03,2466,95245.0,3270.0
2014-10-04,2467,46009.0,2785.0
2014-10-05,2468,142542.0,4240.0
2014-10-06,2469,144414.0,3090.0
2014-10-07,2470,99560.0,3510.0
2014-10-08,2471,36950.0,2121.0
2014-10-09,2472,39374.0,2250.0
2014-10-10,2473,46875.0,1925.0
2014-10-11,2474,93939.0,3423.0
2014-10-12,2475,33190.0,2190.0
2014-10-13,2476,93976.0,2472.0
2014-10-14,2477,83487.0,1869.0
2014-10-15,2478,55024.0,1834.0
2014-10-16,2479,5250.0,547.0
2014-10-17,2480,1575.0,137.0
2014-10-18,2481,393.0,43.0
2014-10-19,2482,512.0,84.0
2014-10-20,2483,1184.0,140.0
2014-10-21,2484,8465.0,978.0
2014-10-22,2485,15751.0,1304.0
2014-10-23,2486,27906.0,2771.0
2014-10-24,2487,39859.0,2614.0
2014-10-25,2488,1973.0,253.0
2014-10-26,2489,2767.0,298.0
2014-10-27,2490,20751.0,1365.0
2014-10-28,2491,47608.0,2751.0
2014-10-29,2492,30331.0,1547.0
2014-10-30,2493,17656.0,1723.0
2014-10-31,2494,28131.0,2083.0
2014-11-01,2495,5301.0,457.0
2014-11-02,2496,9594.0,809.0
2014-11-03,2497,7767.0,743.0
2014-11-04,2498,72071.0,5291.0
2014-11-05,2499,68318.0,4639.0
2014-11-06,2500,44754.0,3495.0
2014-11-07,2501,20279.0,1601.0
2014-11-08,2502,28858.0,1418.0
2014-11-09,2503,10231.0,799.0
2014-11-10,2504,36267.0,1988.0
2014-11-11,2505,68400.0,2920.0
2014-11-12,2506,31868.0,1962.0
2014-11-13,2507,39043.0,2373.0
2014-11-14,2508,13590.0,1516.0
2014-11-15,2509,25572.0,1772.0
2014-11-16,2510,15601.0,1487.0
2014-11-17,2511,9179.0,1152.0
2014-11-18,2512,35867.0,1650.0
2014-11-19,2513,24690.0,1198.0
2014-11-20,2514,8091.0,597.0
2014-11-21,2515,143.0,17.0
2014-11-22,2516,1081.0,81.0
2014-11-23,2517,10710.0,462.0
2014-11-24,2518,1856.0,141.0
2014-11-25,2519,6914.0,717.0
2014-11-26,2520,36766.0,2366.0
2014-11-27,2521,42890.0,2373.0
2014-11-28,2522,60007.0,1808.0
2014-11-29,2523,7035.0,516.0
2014-11-30,2524,31693.0,1705.0
2014-12-01,2525,38726.0,2677.0
2014-12-02,2526,48750.0,2323.0
2014-12-03,2527,44249.0,2730.0
2014-12-04,2528,37342.0,3065.0
2014-12-05,2529,29663.0,2356.0
2014-12-06,2530,9681.0,1403.0
2014-12-07,2531,22932.0,2794.0
2014-12-08,2532,17761.0,1773.0
2014-12-09,2533,17391.0,2010.0
2014-12-10,2534,18687.0,1950.0
2014-12-11,2535,27267.0,2666.0
2014-12-12,2536,1774.0,207.0
2014-12-13,2537,1064.0,137.0
2014-12-14,2538,2179.0,362.0
2014-12-15,2539,11242.0,1088.0
2014-12-16,2540,32177.0,2548.0
2014-12-17,2541,18567.0,1522.0
2014-12-18,2542,15682.0,975.0
2014-12-19,2543,1915.0,349.0
2014-12-20,2544,6354.0,928.0
2014-12-21,2545,797.0,113.0
2014-12-22,2546,28.0,4.0
2014-12-23,2547,21.0,0.0
2014-12-24,2548,361.0,74.0
2014-12-25,2549,124.0,22.0
2014-12-26,2550,532.0,96.0
2014-12-27,2551,736.0,117.0
2014-12-28,2552,11824.0,1460.0
2014-12-29,2553,5763.0,839.0
2014-12-30,2554,6699.0,932.0
2014-12-31,2555,7547.0,901.0
2015-01-01,2556,3038.0,304.0
2015-01-02,2557,774.0,97.0
2015-01-03,2558,91.0,19.0
2015-01-04,2559,1404.0,247.0
2015-01-05,2560,2880.0,446.0
2015-01-06,2561,2357.0,397.0
2015-01-07,2562,268.0,52.0
2015-01-08,2563,496.0,95.0
2015-01-09,2564,3143.0,311.0
2015-01-10,2565,436.0,80.0
2015-01-11,2566,2178.0,364.0
2015-01-12,2567,784.0,148.0
2015-01-13,2568,2148.0,370.0
2015-01-14,2569,1407.0,249.0
2015-01-15,2570,900.0,179.0
2015-01-16,2571,3310.0,553.0
2015-01-17,2572,2888.0,437.0
2015-01-18,2573,20452.0,1445.0
2015-01-19,2574,3866.0,476.0
2015-01-20,2575,10373.0,778.0
2015-01-21,2576,10220.0,1316.0
2015-01-22,2577,36943.0,2892.0
2015-01-23,2578,18916.0,1823.0
2015-01-24,2579,7535.0,988.0
2015-01-25,2580,7772.0,1114.0
2015-01-26,2581,13610.0,1535.0
2015-01-27,2582,4556.0,624.0
2015-01-28,2583,3326.0,557.0
2015-01-29,2584,1697.0,302.0
2015-01-30,2585,10386.0,1144.0
2015-01-31,2586,6551.0,936.0
2015-02-01,2587,16560.0,2376.0
2015-02-02,2588,10349.0,1346.0
2015-02-03,2589,4083.0,699.0
2015-02-04,2590,6570.0,1147.0
2015-02-05,2591,5449.0,902.0
2015-02-06,2592,9954.0,1079.0
2015-02-07,2593,2109.0,386.0
2015-02-08,2594,6063.0,984.0
2015-02-09,2595,2825.0,443.0
2015-02-10,2596,1038.0,180.0
2015-02-11,2597,1008.0,117.0
2015-02-12,2598,302.0,42.0
2015-02-13,2599,561.0,88.0
2015-02-14,2600,6624.0,686.0
2015-02-15,2601,2595.0,393.0
2015-02-16,2602,4886.0,608.0
2015-02-17,2603,6756.0,737.0
2015-02-18,2604,817.0,121.0
2015-02-19,2605,83.0,11.0
2015-02-20,2606,178.0,33.0
2015-02-21,2607,2469.0,324.0
2015-02-22,2608,8564.0,867.0
2015-02-23,2609,10696.0,1047.0
2015-02-24,2610,6822.0,917.0
2015-02-25,2611,2538.0,460.0
2015-02-26,2612,11561.0,938.0
2015-02-27,2613,21720.0,1154.0
2015-02-28,2614,660.0,110.0
2015-03-01,2615,1939.0,240.0
2015-03-02,2616,2138.0,367.0
2015-03-03,2617,754.0,159.0
2015-03-04,2618,1324.0,184.0
2015-03-05,2619,1195.0,215.0
2015-03-06,2620,3691.0,403.0
2015-03-07,2621,1986.0,284.0
2015-03-08,2622,2990.0,397.0
2015-03-09,2623,1463.0,242.0
2015-03-10,2624,6063.0,542.0
2015-03-11,2625,3442.0,314.0
2015-03-12,2626,10656.0,879.0
2015-03-13,2627,12139.0,921.0
2015-03-14,2628,1761.0,207.0
2015-03-15,2629,511.0,75.0
2015-03-16,2630,755.0,106.0
2015-03-17,2631,8150.0,503.0
2015-03-18,2632,1887.0,218.0
2015-03-19,2633,3239.0,424.0
2015-03-20,2634,12912.0,938.0
2015-03-21,2635,5002.0,673.0
2015-03-22,2636,6965.0,893.0
2015-03-23,2637,6750.0,552.0
2015-03-24,2638,18024.0,908.0
2015-03-25,2639,4146.0,531.0
2015-03-26,2640,9671.0,1055.0
2015-03-27,2641,21411.0,1283.0
2015-03-28,2642,1045.0,145.0
2015-03-29,2643,664.0,96.0
2015-03-30,2644,3617.0,506.0
2015-03-31,2645,6314.0,882.0
2015-04-01,2646,5139.0,822.0
2015-04-02,2647,1015.0,180.0
2015-04-03,2648,144.0,28.0
2015-04-04,2649,2403.0,252.0
2015-04-05,2650,19997.0,1314.0
2015-04-06,2651,11815.0,881.0
2015-04-07,2652,950.0,176.0
2015-04-08,2653,5919.0,747.0
2015-04-09,2654,2625.0,321.0
2015-04-10,2655,942.0,142.0
2015-04-11,2656,5544.0,547.0
2015-04-12,2657,1679.0,246.0
2015-04-13,2658,3177.0,409.0
2015-04-14,2659,2974.0,317.0
2015-04-15,2660,19355.0,1363.0
2015-04-16,2661,14665.0,646.0
2015-04-17,2662,5440.0,526.0
2015-04-18,2663,29356.0,1406.0
2015-04-19,2664,4338.0,418.0
2015-04-20,2665,2070.0,196.0
2015-04-21,2666,3540.0,270.0
2015-04-22,2667,8979.0,730.0
2015-04-23,2668,2235.0,232.0
2015-04-24,2669,7347.0,786.0
2015-04-25,2670,6529.0,695.0
2015-04-26,2671,34183.0,2001.0
2015-04-27,2672,49373.0,2376.0
2015-04-28,2673,36698.0,2095.0
2015-04-29,2674,2428.0,277.0
2015-04-30,2675,4307.0,522.0
2015-05-01,2676,2259.0,221.0
2015-05-02,2677,1061.0,107.0
2015-05-03,2678,1440.0,172.0
2015-05-04,2679,6969.0,720.0
2015-05-05,2680,55655.0,1607.0
2015-05-06,2681,45239.0,2179.0
2015-05-07,2682,45250.0,1384.0
2015-05-08,2683,40773.0,1356.0
2015-05-09,2684,51946.0,2535.0
2015-05-10,2685,28945.0,1755.0
2015-05-11,2686,20638.0,790.0
2015-05-12,2687,25613.0,1272.0
2015-05-13,2688,39008.0,1223.0
2015-05-14,2689,37488.0,2100.0
2015-05-15,2690,30478.0,1029.0
2015-05-16,2691,5704.0,487.0
2015-05-17,2692,38874.0,1292.0
2015-05-18,2693,17860.0,1054.0
2015-05-19,2694,99476.0,4430.0
2015-05-20,2695,94188.0,4027.0
2015-05-21,2696,35566.0,1724.0
2015-05-22,2697,21065.0,1190.0
2015-05-23,2698,14164.0,1039.0
2015-05-24,2699,57204.0,2206.0
2015-05-25,2700,49987.0,2331.0
2015-05-26,2701,56187.0,2895.0
2015-05-27,2702,14497.0,960.0
2015-05-28,2703,15045.0,1038.0
2015-05-29,2704,27542.0,2177.0
2015-05-30,2705,22697.0,1890.0
2015-05-31,2706,21884.0,1481.0
2015-06-01,2707,30983.0,2000.0
2015-06-02,2708,20780.0,1195.0
2015-06-03,2709,10418.0,619.0
2015-06-04,2710,64982.0,2914.0
2015-06-05,2711,96984.0,3403.0
2015-06-06,2712,107382.0,3462.0
2015-06-07,2713,134597.0,4838.0
2015-06-08,2714,142488.0,6053.0
2015-06-09,2715,148347.0,6789.0
2015-06-10,2716,153700.0,6202.0
2015-06-11,2717,141852.0,5759.0
2015-06-12,2718,170570.0,5399.0
2015-06-13,2719,182361.0,5846.0
2015-06-14,2720,205007.0,5884.0
2015-06-15,2721,108215.0,5012.0
2015-06-16,2722,80356.0,3423.0
2015-06-17,2723,101979.0,3400.0
2015-06-18,2724,34741.0,1218.0
2015-06-19,2725,14622.0,917.0
2015-06-20,2726,17279.0,1598.0
2015-06-21,2727,10838.0,1142.0
2015-06-22,2728,42297.0,2418.0
2015-06-23,2729,43621.0,2519.0
2015-06-24,2730,34746.0,1485.0
2015-06-25,2731,1992.0,200.0
2015-06-26,2732,7509.0,404.0
2015-06-27,2733,45390.0,1933.0
2015-06-28,2734,11347.0,829.0
2015-06-29,2735,7507.0,647.0
2015-06-30,2736,39629.0,1650.0
2015-07-01,2737,50781.0,2403.0
2015-07-02,2738,81270.0,2806.0
2015-07-03,2739,85042.0,1711.0
2015-07-04,2740,95708.0,2524.0
2015-07-05,2741,174128.0,4631.0
2015-07-06,2742,41759.0,1664.0
2015-07-07,2743,107445.0,3052.0
2015-07-08,2744,219106.0,4736.0
2015-07-09,2745,16780.0,1156.0
2015-07-10,2746,57319.0,1435.0
2015-07-11,2747,5195.0,280.0
2015-07-12,2748,1322.0,82.0
2015-07-13,2749,13056.0,760.0
2015-07-14,2750,1304.0,181.0
2015-07-15,2751,8107.0,563.0
2015-07-16,2752,48955.0,1750.0
2015-07-17,2753,122802.0,4470.0
2015-07-18,2754,159246.0,5443.0
2015-07-19,2755,163250.0,3962.0
2015-07-20,2756,63248.0,1583.0
2015-07-21,2757,115218.0,3075.0
2015-07-22,2758,140487.0,4756.0
2015-07-23,2759,238071.0,5917.0
2015-07-24,2760,185781.0,5370.0
2015-07-25,2761,261227.0,7276.0
2015-07-26,2762,54405.0,1797.0
2015-07-27,2763,10113.0,930.0
2015-07-28,2764,19203.0,1359.0
2015-07-29,2765,19993.0,1324.0
2015-07-30,2766,103449.0,2945.0
2015-07-31,2767,214677.0,5836.0
2015-08-01,2768,100139.0,2306.0
2015-08-02,2769,81346.0,1810.0
2015-08-03,2770,118674.0,3805.0
2015-08-04,2771,88929.0,3303.0
2015-08-05,2772,99490.0,3153.0
2015-08-06,2773,74108.0,2448.0
2015-08-07,2774,95398.0,3525.0
2015-08-08,2775,205970.0,5611.0
2015-08-09,2776,144432.0,4324.0
2015-08-10,2777,271129.0,5825.0
2015-08-11,2778,271554.0,5757.0
2015-08-12,2779,186154.0,5434.0
2015-08-13,2780,158284.0,5551.0
2015-08-14,2781,147417.0,5240.0
2015-08-15,2782,225776.0,8351.0
2015-08-16,2783,229788.0,6345.0
2015-08-17,2784,85914.0,2932.0
2015-08-18,2785,88357.0,3252.0
2015-08-19,2786,113004.0,3178.0
2015-08-20,2787,44044.0,1246.0
2015-08-21,2788,49792.0,2174.0
2015-08-22,2789,86030.0,3621.0
2015-08-23,2790,94077.0,1740.0
2015-08-24,2791,80320.0,3030.0
2015-08-25,2792,17317.0,670.0
2015-08-26,2793,23226.0,1105.0
2015-08-27,2794,17064.0,789.0
2015-08-28,2795,12260.0,608.0
2015-08-29,2796,22027.0,919.0
2015-08-30,2797,62231.0,3421.0
2015-08-31,2798,94897.0,4506.0
2015-09-01,2799,62712.0,2957.0
2015-09-02,2800,103225.0,3203.0
2015-09-03,2801,127235.0,2947.0
2015-09-04,2802,164226.0,5173.0
2015-09-05,2803,67675.0,2785.0
2015-09-06,2804,15080.0,1055.0
2015-09-07,2805,47508.0,2009.0
2015-09-08,2806,65420.0,2212.0
2015-09-09,2807,175560.0,3667.0
2015-09-10,2808,56865.0,1610.0
2015-09-11,2809,10221.0,631.0
2015-09-12,2810,67118.0,2678.0
2015-09-13,2811,121760.0,2597.0
2015-09-14,2812,34164.0,2262.0
2015-09-15,2813,14028.0,1260.0
2015-09-16,2814,37158.0,1571.0
2015-09-17,2815,4194.0,380.0
2015-09-18,2816,4599.0,642.0
2015-09-19,2817,28236.0,2117.0
2015-09-20,2818,175277.0,5639.0
2015-09-21,2819,110471.0,2863.0
2015-09-22,2820,24068.0,825.0
2015-09-23,2821,22254.0,1346.0
2015-09-24,2822,94827.0,3925.0
2015-09-25,2823,35414.0,1680.0
2015-09-26,2824,43091.0,1157.0
2015-09-27,2825,67173.0,2820.0
2015-09-28,2826,76371.0,3792.0
2015-09-29,2827,32534.0,2390.0
2015-09-30,2828,83550.0,2358.0
2015-10-01,2829,48895.0,2724.0
2015-10-02,2830,29174.0,1779.0
2015-10-03,2831,54243.0,1663.0
2015-10-04,2832,10476.0,619.0
2015-10-05,2833,13434.0,1067.0
2015-10-06,2834,26031.0,1384.0
2015-10-07,2835,80757.0,2479.0
2015-10-08,2836,7897.0,660.0
2015-10-09,2837,34269.0,1605.0
2015-10-10,2838,63577.0,2536.0
2015-10-11,2839,19059.0,747.0
2015-10-12,2840,3700.0,434.0
2015-10-13,2841,9304.0,626.0
2015-10-14,2842,29440.0,1550.0
2015-10-15,2843,37613.0,2089.0
2015-10-16,2844,26548.0,1055.0
2015-10-17,2845,18020.0,847.0
2015-10-18,2846,6142.0,583.0
2015-10-19,2847,13832.0,1173.0
2015-10-20,2848,28146.0,1886.0
2015-10-21,2849,21860.0,1657.0
2015-10-22,2850,27505.0,1767.0
2015-10-23,2851,7828.0,710.0
2015-10-24,2852,869.0,71.0
2015-10-25,2853,455.0,77.0
2015-10-26,2854,580.0,88.0
2015-10-27,2855,11630.0,621.0
2015-10-28,2856,25391.0,1466.0
2015-10-29,2857,35171.0,2085.0
2015-10-30,2858,6882.0,810.0
2015-10-31,2859,27772.0,1102.0
2015-11-01,2860,29407.0,1995.0
2015-11-02,2861,15918.0,1238.0
2015-11-03,2862,1276.0,142.0
2015-11-04,2863,6593.0,276.0
2015-11-05,2864,2196.0,292.0
2015-11-06,2865,1806.0,212.0
2015-11-07,2866,2719.0,243.0
2015-11-08,2867,143.0,25.0
2015-11-09,2868,47.0,8.0
2015-11-10,2869,20.0,1.0
2015-11-11,2870,226.0,36.0
2015-11-12,2871,244.0,47.0
2015-11-13,2872,612.0,105.0
2015-11-14,2873,1020.0,171.0
2015-11-15,2874,16.0,2.0
2015-11-16,2875,82.0,6.0
2015-11-17,2876,67.0,6.0
2015-11-18,2877,1414.0,203.0
2015-11-19,2878,2419.0,228.0
2015-11-20,2879,224.0,34.0
2015-11-21,2880,3127.0,369.0
2015-11-22,2881,5325.0,591.0
2015-11-23,2882,5540.0,844.0
2015-11-24,2883,22129.0,1586.0
2015-11-25,2884,40775.0,2346.0
2015-11-26,2885,18422.0,2295.0
2015-11-27,2886,18616.0,2008.0
2015-11-28,2887,5497.0,480.0
2015-11-29,2888,1296.0,220.0
2015-11-30,2889,1104.0,139.0
2015-12-01,2890,145.0,28.0
2015-12-02,2891,19.0,1.0
2015-12-03,2892,14.0,1.0
2015-12-04,2893,7.0,0.0
2015-12-05,2894,144.0,20.0
2015-12-06,2895,4649.0,311.0
2015-12-07,2896,5409.0,376.0
2015-12-08,2897,673.0,66.0
2015-12-09,2898,44.0,7.0
2015-12-10,2899,1296.0,199.0
2015-12-11,2900,1900.0,306.0
2015-12-12,2901,8999.0,700.0
2015-12-13,2902,352.0,59.0
2015-12-14,2903,162.0,34.0
2015-12-15,2904,87.0,19.0
2015-12-16,2905,239.0,26.0
2015-12-17,2906,3597.0,321.0
2015-12-18,2907,40.0,0.0
2015-12-19,2908,203.0,34.0
2015-12-20,2909,3153.0,279.0
2015-12-21,2910,75.0,14.0
2015-12-22,2911,505.0,102.0
2015-12-23,2912,387.0,77.0
2015-12-24,2913,143.0,26.0
2015-12-25,2914,67.0,10.0
2015-12-26,2915,0.0,0.0
2015-12-27,2916,254.0,51.0
2015-12-28,2917,681.0,88.0
2015-12-29,2918,76.0,15.0
2015-12-30,2919,187.0,35.0
2015-12-31,2920,338.0,75.0
2016-01-01,2921,73.0,13.0
2016-01-02,2922,2093.0,218.0
2016-01-03,2923,20788.0,1626.0
2016-01-04,2924,659.0,111.0
2016-01-05,2925,1212.0,209.0
2016-01-06,2926,6599.0,931.0
2016-01-07,2927,3794.0,530.0
2016-01-08,2928,107.0,16.0
2016-01-09,2929,5945.0,863.0
2016-01-10,2930,1563.0,278.0
2016-01-11,2931,6138.0,1084.0
2016-01-12,2932,2632.0,421.0
2016-01-13,2933,5162.0,594.0
2016-01-14,2934,209.0,34.0
2016-01-15,2935,931.0,168.0
2016-01-16,2936,15262.0,2195.0
2016-01-17,2937,9509.0,1449.0
2016-01-18,2938,3364.0,571.0
2016-01-19,2939,2299.0,305.0
2016-01-20,2940,2134.0,269.0
2016-01-21,2941,1077.0,134.0
2016-01-22,2942,205.0,39.0
2016-01-23,2943,71.0,10.0
2016-01-24,2944,31.0,6.0
2016-01-25,2945,1954.0,158.0
2016-01-26,2946,541.0,71.0
2016-01-27,2947,1958.0,148.0
2016-01-28,2948,29.0,6.0
2016-01-29,2949,2076.0,183.0
2016-01-30,2950,2085.0,222.0
2016-01-31,2951,167.0,35.0
2016-02-01,2952,41.0,4.0
2016-02-02,2953,38.0,3.0
2016-02-03,2954,1520.0,216.0
2016-02-04,2955,382.0,78.0
2016-02-05,2956,322.0,60.0
2016-02-06,2957,744.0,97.0
2016-02-07,2958,1724.0,248.0
2016-02-08,2959,2202.0,318.0
2016-02-09,2960,2885.0,326.0
2016-02-10,2961,3168.0,405.0
2016-02-11,2962,882.0,135.0
2016-02-12,2963,1370.0,168.0
2016-02-13,2964,1639.0,245.0
2016-02-14,2965,8620.0,1301.0
2016-02-15,2966,6905.0,925.0
2016-02-16,2967,1760.0,284.0
2016-02-17,2968,922.0,151.0
2016-02-18,2969,5293.0,366.0
2016-02-19,2970,1427.0,164.0
2016-02-20,2971,10422.0,954.0
2016-02-21,2972,4542.0,346.0
2016-02-22,2973,905.0,129.0
2016-02-23,2974,382.0,67.0
2016-02-24,2975,602.0,102.0
2016-02-25,2976,5495.0,748.0
2016-02-26,2977,7871.0,838.0
2016-02-27,2978,11352.0,1448.0
2016-02-28,2979,19597.0,1355.0
2016-02-29,2980,6213.0,792.0
2016-03-01,2981,3408.0,407.0
2016-03-02,2982,3673.0,574.0
2016-03-03,2983,6733.0,910.0
2016-03-04,2984,3779.0,617.0
2016-03-05,2985,4777.0,608.0
2016-03-06,2986,18672.0,1678.0
2016-03-07,2987,13292.0,1017.0
2016-03-08,2988,3734.0,506.0
2016-03-09,2989,8734.0,1044.0
2016-03-10,2990,5179.0,799.0
2016-03-11,2991,18988.0,1809.0
2016-03-12,2992,23680.0,1117.0
2016-03-13,2993,7461.0,716.0
2016-03-14,2994,1834.0,229.0
2016-03-15,2995,2415.0,388.0
2016-03-16,2996,19215.0,1747.0
2016-03-17,2997,14633.0,1049.0
2016-03-18,2998,13545.0,825.0
2016-03-19,2999,648.0,118.0
2016-03-20,3000,1245.0,185.0
2016-03-21,3001,6560.0,808.0
2016-03-22,3002,4753.0,656.0
2016-03-23,3003,18463.0,1517.0
2016-03-24,3004,2441.0,347.0
2016-03-25,3005,1534.0,161.0
2016-03-26,3006,539.0,81.0
2016-03-27,3007,1473.0,249.0
2016-03-28,3008,2825.0,378.0
2016-03-29,3009,5350.0,580.0
2016-03-30,3010,541.0,98.0
2016-03-31,3011,1620.0,250.0
2016-04-01,3012,371.0,55.0
2016-04-02,3013,712.0,131.0
2016-04-03,3014,3899.0,415.0
2016-04-04,3015,3521.0,364.0
2016-04-05,3016,3289.0,402.0
2016-04-06,3017,15746.0,1029.0
2016-04-07,3018,15524.0,1214.0
2016-04-08,3019,23182.0,1576.0
2016-04-09,3020,13949.0,1039.0
2016-04-10,3021,13341.0,1311.0
2016-04-11,3022,6343.0,587.0
2016-04-12,3023,19213.0,1878.0
2016-04-13,3024,26250.0,2060.0
2016-04-14,3025,19540.0,1398.0
2016-04-15,3026,7665.0,454.0
2016-04-16,3027,10195.0,728.0
2016-04-17,3028,7691.0,453.0
2016-04-18,3029,3060.0,272.0
2016-04-19,3030,7715.0,781.0
2016-04-20,3031,9396.0,948.0
2016-04-21,3032,1987.0,233.0
2016-04-22,3033,1871.0,236.0
2016-04-23,3034,12105.0,1318.0
2016-04-24,3035,15029.0,1199.0
2016-04-25,3036,5356.0,518.0
2016-04-26,3037,2389.0,411.0
2016-04-27,3038,5073.0,582.0
2016-04-28,3039,2850.0,465.0
2016-04-29,3040,4601.0,586.0
2016-04-30,3041,4948.0,444.0
2016-05-01,3042,6017.0,631.0
2016-05-02,3043,13383.0,1176.0
2016-05-03,3044,17908.0,1704.0
2016-05-04,3045,15991.0,1439.0
2016-05-05,3046,17922.0,1818.0
2016-05-06,3047,25020.0,1689.0
2016-05-07,3048,28333.0,2277.0
2016-05-08,3049,18591.0,1945.0
2016-05-09,3050,33127.0,2319.0
2016-05-10,3051,18037.0,1983.0
2016-05-11,3052,45691.0,4257.0
2016-05-12,3053,27572.0,2405.0
2016-05-13,3054,64782.0,4290.0
2016-05-14,3055,43297.0,2649.0
2016-05-15,3056,14333.0,1096.0
2016-05-16,3057,6776.0,675.0
2016-05-17,3058,6346.0,609.0
2016-05-18,3059,10095.0,786.0
2016-05-19,3060,26913.0,1748.0
2016-05-20,3061,15602.0,1357.0
2016-05-21,3062,41654.0,2108.0
2016-05-22,3063,19814.0,1402.0
2016-05-23,3064,52013.0,2331.0
2016-05-24,3065,50078.0,2874.0
2016-05-25,3066,26545.0,1846.0
2016-05-26,3067,17876.0,1145.0
2016-05-27,3068,43882.0,2444.0
2016-05-28,3069,117467.0,6268.0
2016-05-29,3070,116481.0,4091.0
2016-05-30,3071,169607.0,5528.0
2016-05-31,3072,113403.0,5341.0
2016-06-01,3073,72340.0,3222.0
2016-06-02,3074,39862.0,2519.0
2016-06-03,3075,49723.0,3431.0
2016-06-04,3076,121346.0,6381.0
2016-06-05,3077,144349.0,6839.0
2016-06-06,3078,88410.0,4415.0
2016-06-07,3079,121943.0,4858.0
2016-06-08,3080,77102.0,3286.0
2016-06-09,3081,122138.0,3955.0
2016-06-10,3082,72247.0,3602.0
2016-06-11,3083,26037.0,2201.0
2016-06-12,3084,75975.0,3600.0
2016-06-13,3085,88031.0,4300.0
2016-06-14,3086,48367.0,3313.0
2016-06-15,3087,55536.0,4205.0
2016-06-16,3088,46526.0,3326.0
2016-06-17,3089,119995.0,4745.0
2016-06-18,3090,57925.0,3277.0
2016-06-19,3091,99310.0,4127.0
2016-06-20,3092,48292.0,1606.0
2016-06-21,3093,26516.0,694.0
2016-06-22,3094,37875.0,2208.0
2016-06-23,3095,142828.0,4431.0
2016-06-24,3096,194050.0,6225.0
2016-06-25,3097,283448.0,8772.0
2016-06-26,3098,192454.0,5746.0
2016-06-27,3099,103427.0,3613.0
2016-06-28,3100,31304.0,2097.0
2016-06-29,3101,36251.0,2007.0
2016-06-30,3102,59860.0,2650.0
2016-07-01,3103,73540.0,2712.0
2016-07-02,3104,133810.0,5945.0
2016-07-03,3105,70029.0,3562.0
2016-07-04,3106,48107.0,2941.0
2016-07-05,3107,74755.0,3822.0
2016-07-06,3108,120089.0,4005.0
2016-07-07,3109,50572.0,2471.0
2016-07-08,3110,27662.0,1560.0
2016-07-09,3111,28860.0,1633.0
2016-07-10,3112,36219.0,1655.0
2016-07-11,3113,169599.0,5448.0
2016-07-12,3114,111132.0,3286.0
2016-07-13,3115,148098.0,4613.0
2016-07-14,3116,94911.0,2855.0
2016-07-15,3117,113124.0,4453.0
2016-07-16,3118,8300.0,865.0
2016-07-17,3119,19397.0,742.0
2016-07-18,3120,1472.0,146.0
2016-07-19,3121,16770.0,842.0
2016-07-20,3122,72137.0,3916.0
2016-07-21,3123,78415.0,2303.0
2016-07-22,3124,156295.0,4644.0
2016-07-23,3125,65302.0,2211.0
2016-07-24,3126,84390.0,2546.0
2016-07-25,3127,169544.0,5300.0
2016-07-26,3128,116689.0,5580.0
2016-07-27,3129,145458.0,5403.0
2016-07-28,3130,139615.0,4502.0
2016-07-29,3131,55880.0,2813.0
2016-07-30,3132,68073.0,2890.0
2016-07-31,3133,151026.0,4711.0
2016-08-01,3134,115787.0,3630.0
2016-08-02,3135,10394.0,916.0
2016-08-03,3136,5920.0,402.0
2016-08-04,3137,21933.0,1145.0
2016-08-05,3138,109435.0,2945.0
2016-08-06,3139,105104.0,3509.0
2016-08-07,3140,90798.0,2251.0
2016-08-08,3141,30228.0,1364.0
2016-08-09,3142,56384.0,2364.0
2016-08-10,3143,89635.0,3535.0
2016-08-11,3144,18799.0,1252.0
2016-08-12,3145,1308.0,136.0
2016-08-13,3146,416.0,46.0
2016-08-14,3147,17944.0,1088.0
2016-08-15,3148,64221.0,2673.0
2016-08-16,3149,48133.0,2320.0
2016-08-17,3150,107736.0,3306.0
2016-08-18,3151,35737.0,1928.0
2016-08-19,3152,74567.0,2143.0
2016-08-20,3153,22186.0,927.0
2016-08-21,3154,65731.0,2634.0
2016-08-22,3155,76167.0,2776.0
2016-08-23,3156,31893.0,1409.0
2016-08-24,3157,77468.0,2844.0
2016-08-25,3158,58056.0,2585.0
2016-08-26,3159,15961.0,1203.0
2016-08-27,3160,43771.0,1372.0
2016-08-28,3161,142529.0,4107.0
2016-08-29,3162,67001.0,2692.0
2016-08-30,3163,84959.0,1659.0
2016-08-31,3164,99393.0,2347.0
2016-09-01,3165,93187.0,2745.0
2016-09-02,3166,13764.0,751.0
2016-09-03,3167,4354.0,335.0
2016-09-04,3168,35960.0,1805.0
2016-09-05,3169,28307.0,1363.0
2016-09-06,3170,109573.0,2967.0
2016-09-07,3171,75313.0,2597.0
2016-09-08,3172,73476.0,1461.0
2016-09-09,3173,36153.0,1514.0
2016-09-10,3174,74925.0,2933.0
2016-09-11,3175,80317.0,3083.0
2016-09-12,3176,57381.0,2581.0
2016-09-13,3177,121423.0,4935.0
2016-09-14,3178,179843.0,4490.0
2016-09-15,3179,45265.0,1959.0
2016-09-16,3180,117585.0,3340.0
2016-09-17,3181,55146.0,1918.0
2016-09-18,3182,96743.0,2832.0
2016-09-19,3183,74864.0,3696.0
2016-09-20,3184,27919.0,1201.0
2016-09-21,3185,43420.0,2561.0
2016-09-22,3186,4880.0,558.0
2016-09-23,3187,95359.0,2282.0
2016-09-24,3188,47566.0,1828.0
2016-09-25,3189,38809.0,1866.0
2016-09-26,3190,17978.0,1026.0
2016-09-27,3191,27713.0,2053.0
2016-09-28,3192,48950.0,2370.0
2016-09-29,3193,7606.0,403.0
2016-09-30,3194,8762.0,845.0
2016-10-01,3195,52965.0,2080.0
2016-10-02,3196,22036.0,1114.0
2016-10-03,3197,14977.0,694.0
2016-10-04,3198,915.0,91.0
2016-10-05,3199,28753.0,685.0
2016-10-06,3200,67018.0,2435.0
2016-10-07,3201,148188.0,2566.0
2016-10-08,3202,4109.0,319.0
2016-10-09,3203,87023.0,2244.0
2016-10-10,3204,107976.0,3552.0
2016-10-11,3205,39802.0,1166.0
2016-10-12,3206,6820.0,526.0
2016-10-13,3207,39961.0,1656.0
2016-10-14,3208,152200.0,3750.0
2016-10-15,3209,68420.0,1776.0
2016-10-16,3210,77536.0,824.0
2016-10-17,3211,876.0,108.0
2016-10-18,3212,4013.0,289.0
2016-10-19,3213,5148.0,405.0
2016-10-20,3214,46545.0,1696.0
2016-10-21,3215,126893.0,2038.0
2016-10-22,3216,106523.0,2021.0
2016-10-23,3217,22597.0,1054.0
2016-10-24,3218,15219.0,1632.0
2016-10-25,3219,9606.0,829.0
2016-10-26,3220,6237.0,445.0
2016-10-27,3221,111290.0,2014.0
2016-10-28,3222,29027.0,1422.0
2016-10-29,3223,18530.0,981.0
2016-10-30,3224,6813.0,411.0
2016-10-31,3225,1260.0,117.0
2016-11-01,3226,492.0,79.0
2016-11-02,3227,7997.0,390.0
2016-11-03,3228,26704.0,1437.0
2016-11-04,3229,25394.0,1179.0
2016-11-05,3230,32809.0,1141.0
2016-11-06,3231,45134.0,2298.0
2016-11-07,3232,9279.0,1159.0
2016-11-08,3233,36152.0,2455.0
2016-11-09,3234,15045.0,1284.0
2016-11-10,3235,1170.0,185.0
2016-11-11,3236,6784.0,881.0
2016-11-12,3237,15284.0,1318.0
2016-11-13,3238,865.0,115.0
2016-11-14,3239,16846.0,1387.0
2016-11-15,3240,32645.0,1485.0
2016-11-16,3241,18024.0,1210.0
2016-11-17,3242,16518.0,918.0
2016-11-18,3243,10102.0,1165.0
2016-11-19,3244,47033.0,2616.0
2016-11-20,3245,34712.0,1349.0
2016-11-21,3246,13307.0,1072.0
2016-11-22,3247,6658.0,600.0
2016-11-23,3248,34166.0,2017.0
2016-11-24,3249,40263.0,2647.0
2016-11-25,3250,56852.0,2764.0
2016-11-26,3251,32213.0,2213.0
2016-11-27,3252,80246.0,3243.0
2016-11-28,3253,60624.0,4117.0
2016-11-29,3254,36010.0,2301.0
2016-11-30,3255,9254.0,670.0
2016-12-01,3256,5270.0,453.0
2016-12-02,3257,150.0,25.0
2016-12-03,3258,5403.0,646.0
2016-12-04,3259,18011.0,1560.0
2016-12-05,3260,610.0,78.0
2016-12-06,3261,1386.0,176.0
2016-12-07,3262,361.0,53.0
2016-12-08,3263,553.0,68.0
2016-12-09,3264,414.0,52.0
2016-12-10,3265,23.0,2.0
2016-12-11,3266,64.0,7.0
2016-12-12,3267,1169.0,95.0
2016-12-13,3268,290.0,40.0
2016-12-14,3269,145.0,25.0
2016-12-15,3270,1286.0,151.0
2016-12-16,3271,3905.0,520.0
2016-12-17,3272,7091.0,831.0
2016-12-18,3273,13445.0,1089.0
2016-12-19,3274,33875.0,2354.0
2016-12-20,3275,21916.0,1617.0
2016-12-21,3276,5537.0,604.0
2016-12-22,3277,724.0,100.0
2016-12-23,3278,1011.0,136.0
2016-12-24,3279,1725.0,292.0
2016-12-25,3280,165.0,26.0
2016-12-26,3281,1106.0,227.0
2016-12-27,3282,470.0,77.0
2016-12-28,3283,3492.0,559.0
2016-12-29,3284,4091.0,613.0
2016-12-30,3285,858.0,148.0
2016-12-31,3286,417.0,63.0
2017-01-01,3287,333.0,46.0
2017-01-02,3288,514.0,98.0
2017-01-03,3289,2974.0,381.0
2017-01-04,3290,3740.0,629.0
2017-01-05,3291,4336.0,772.0
2017-01-06,3292,3515.0,561.0
2017-01-07,3293,535.0,94.0
2017-01-08,3294,296.0,65.0
2017-01-09,3295,394.0,69.0
2017-01-10,3296,1045.0,187.0
2017-01-11,3297,2487.0,395.0
2017-01-12,3298,436.0,68.0
2017-01-13,3299,618.0,104.0
2017-01-14,3300,1964.0,344.0
2017-01-15,3301,7070.0,1106.0
2017-01-16,3302,12648.0,1651.0
2017-01-17,3303,18061.0,2173.0
2017-01-18,3304,8838.0,1321.0
2017-01-19,3305,12950.0,1277.0
2017-01-20,3306,13187.0,1464.0
2017-01-21,3307,24495.0,2045.0
2017-01-22,3308,7717.0,686.0
2017-01-23,3309,6302.0,754.0
2017-01-24,3310,6141.0,738.0
2017-01-25,3311,8341.0,905.0
2017-01-26,3312,4056.0,523.0
2017-01-27,3313,2357.0,403.0
2017-01-28,3314,5988.0,812.0
2017-01-29,3315,1485.0,200.0
2017-01-30,3316,324.0,37.0
2017-01-31,3317,37.0,2.0
2017-02-01,3318,25.0,0.0
2017-02-02,3319,1633.0,240.0
2017-02-03,3320,10172.0,1130.0
2017-02-04,3321,3405.0,346.0
2017-02-05,3322,6820.0,896.0
2017-02-06,3323,10390.0,918.0
2017-02-07,3324,2770.0,408.0
2017-02-08,3325,4241.0,505.0
2017-02-09,3326,7565.0,682.0
2017-02-10,3327,12081.0,904.0
2017-02-11,3328,1484.0,238.0
2017-02-12,3329,184.0,29.0
2017-02-13,3330,2377.0,334.0
2017-02-14,3331,955.0,111.0
2017-02-15,3332,53.0,8.0
2017-02-16,3333,40.0,6.0
2017-02-17,3334,126.0,16.0
2017-02-18,3335,4053.0,332.0
2017-02-19,3336,2810.0,301.0
2017-02-20,3337,153.0,26.0
2017-02-21,3338,4706.0,298.0
2017-02-22,3339,325.0,60.0
2017-02-23,3340,7322.0,644.0
2017-02-24,3341,2212.0,255.0
2017-02-25,3342,1424.0,173.0
2017-02-26,3343,1673.0,141.0
2017-02-27,3344,5905.0,415.0
2017-02-28,3345,3171.0,323.0
2017-03-01,3346,2119.0,306.0
2017-03-02,3347,918.0,126.0
2017-03-03,3348,1363.0,214.0
2017-03-04,3349,2364.0,338.0
2017-03-05,3350,1299.0,205.0
2017-03-06,3351,5921.0,676.0
2017-03-07,3352,48438.0,2559.0
2017-03-08,3353,5836.0,659.0
2017-03-09,3354,1347.0,231.0
2017-03-10,3355,6660.0,641.0
2017-03-11,3356,2528.0,360.0
2017-03-12,3357,1453.0,204.0
2017-03-13,3358,3404.0,314.0
2017-03-14,3359,753.0,112.0
2017-03-15,3360,3096.0,423.0
2017-03-16,3361,6421.0,735.0
2017-03-17,3362,2350.0,303.0
2017-03-18,3363,939.0,120.0
2017-03-19,3364,131.0,12.0
2017-03-20,3365,50.0,1.0
2017-03-21,3366,391.0,74.0
2017-03-22,3367,1662.0,280.0
2017-03-23,3368,10325.0,873.0
2017-03-24,3369,8342.0,973.0
2017-03-25,3370,6599.0,719.0
2017-03-26,3371,1708.0,222.0
2017-03-27,3372,1506.0,190.0
2017-03-28,3373,7192.0,584.0
2017-03-29,3374,406.0,83.0
2017-03-30,3375,477.0,80.0
2017-03-31,3376,19714.0,1137.0
2017-04-01,3377,25392.0,1587.0
2017-04-02,3378,37169.0,2012.0
2017-04-03,3379,25093.0,1666.0
2017-04-04,3380,32876.0,2187.0
2017-04-05,3381,42929.0,2022.0
2017-04-06,3382,9690.0,910.0
2017-04-07,3383,1804.0,182.0
2017-04-08,3384,533.0,75.0
2017-04-09,3385,853.0,88.0
2017-04-10,3386,16945.0,1362.0
2017-04-11,3387,11797.0,729.0
2017-04-12,3388,8112.0,536.0
2017-04-13,3389,899.0,124.0
2017-04-14,3390,1723.0,180.0
2017-04-15,3391,19202.0,1174.0
2017-04-16,3392,38842.0,1861.0
2017-04-17,3393,11926.0,737.0
2017-04-18,3394,10114.0,693.0
2017-04-19,3395,6036.0,600.0
2017-04-20,3396,548.0,83.0
2017-04-21,3397,5041.0,360.0
2017-04-22,3398,1175.0,156.0
2017-04-23,3399,4083.0,360.0
2017-04-24,3400,5725.0,583.0
2017-04-25,3401,11565.0,1052.0
2017-04-26,3402,4886.0,587.0
2017-04-27,3403,6272.0,920.0
2017-04-28,3404,4245.0,564.0
2017-04-29,3405,4587.0,401.0
2017-04-30,3406,7130.0,564.0
2017-05-01,3407,7296.0,409.0
2017-05-02,3408,10505.0,516.0
2017-05-03,3409,53838.0,2577.0
2017-05-04,3410,52376.0,2631.0
2017-05-05,3411,73240.0,3649.0
2017-05-06,3412,26576.0,1603.0
2017-05-07,3413,23127.0,1474.0
2017-05-08,3414,9009.0,622.0
2017-05-09,3415,33411.0,1810.0
2017-05-10,3416,10381.0,759.0
2017-05-11,3417,22673.0,2007.0
2017-05-12,3418,70551.0,4277.0
2017-05-13,3419,55485.0,3270.0
2017-05-14,3420,49642.0,3191.0
2017-05-15,3421,38997.0,2411.0
2017-05-16,3422,35287.0,1690.0
2017-05-17,3423,10648.0,1026.0
2017-05-18,3424,43899.0,1888.0
2017-05-19,3425,67121.0,1896.0
2017-05-20,3426,44939.0,2458.0
2017-05-21,3427,36020.0,1826.0
2017-05-22,3428,25682.0,1182.0
2017-05-23,3429,140772.0,5283.0
2017-05-24,3430,71748.0,3562.0
2017-05-25,3431,53076.0,2862.0
2017-05-26,3432,73940.0,3849.0
2017-05-27,3433,56414.0,2664.0
2017-05-28,3434,79962.0,3458.0
2017-05-29,3435,53162.0,2459.0
2017-05-30,3436,179461.0,5374.0
2017-05-31,3437,59764.0,2380.0
2017-06-01,3438,95709.0,3619.0
2017-06-02,3439,119635.0,4965.0
2017-06-03,3440,119374.0,5349.0
2017-06-04,3441,99616.0,4563.0
2017-06-05,3442,99866.0,3873.0
2017-06-06,3443,146512.0,5288.0
2017-06-07,3444,89247.0,2982.0
2017-06-08,3445,37725.0,1991.0
2017-06-09,3446,19076.0,1443.0
2017-06-10,3447,27657.0,1456.0
2017-06-11,3448,24149.0,1027.0
2017-06-12,3449,18140.0,978.0
2017-06-13,3450,60509.0,1689.0
2017-06-14,3451,121827.0,2777.0
2017-06-15,3452,90557.0,3377.0
2017-06-16,3453,84337.0,3396.0
2017-06-17,3454,33882.0,1807.0
2017-06-18,3455,8153.0,781.0
2017-06-19,3456,25418.0,1350.0
2017-06-20,3457,61713.0,2727.0
2017-06-21,3458,85036.0,3502.0
2017-06-22,3459,212249.0,5367.0
2017-06-23,3460,117051.0,3473.0
2017-06-24,3461,50611.0,1339.0
2017-06-25,3462,263647.0,5402.0
2017-06-26,3463,93293.0,3388.0
2017-06-27,3464,109702.0,4238.0
2017-06-28,3465,231209.0,7454.0
2017-06-29,3466,154157.0,5686.0
2017-06-30,3467,14353.0,1479.0
2017-07-01,3468,22892.0,1560.0
2017-07-02,3469,50092.0,1654.0
2017-07-03,3470,29062.0,1239.0
2017-07-04,3471,12206.0,845.0
2017-07-05,3472,33105.0,1967.0
2017-07-06,3473,114005.0,4599.0
2017-07-07,3474,160132.0,5260.0
2017-07-08,3475,126688.0,4239.0
2017-07-09,3476,111968.0,3874.0
2017-07-10,3477,178230.0,6109.0
2017-07-11,3478,148362.0,3536.0
2017-07-12,3479,81321.0,1615.0
2017-07-13,3480,8038.0,559.0
2017-07-14,3481,45533.0,1434.0
2017-07-15,3482,40022.0,1796.0
2017-07-16,3483,99154.0,2088.0
2017-07-17,3484,57052.0,1535.0
2017-07-18,3485,91646.0,3153.0
2017-07-19,3486,156232.0,4852.0
2017-07-20,3487,111935.0,4373.0
2017-07-21,3488,142332.0,3688.0
2017-07-22,3489,128353.0,3824.0
2017-07-23,3490,134059.0,4837.0
2017-07-24,3491,221469.0,5076.0
2017-07-25,3492,116933.0,3869.0
2017-07-26,3493,56732.0,2029.0
2017-07-27,3494,56737.0,1677.0
2017-07-28,3495,24881.0,1650.0
2017-07-29,3496,32606.0,973.0
2017-07-30,3497,115491.0,4264.0
2017-07-31,3498,56487.0,2659.0
2017-08-01,3499,122644.0,4032.0
2017-08-02,3500,64315.0,2377.0
2017-08-03,3501,46498.0,1563.0
2017-08-04,3502,49556.0,1136.0
2017-08-05,3503,36129.0,1529.0
2017-08-06,3504,199065.0,4731.0
2017-08-07,3505,40080.0,1839.0
2017-08-08,3506,79280.0,2989.0
2017-08-09,3507,90076.0,2751.0
2017-08-10,3508,284891.0,4987.0
2017-08-11,3509,157148.0,4007.0
2017-08-12,3510,145526.0,5014.0
2017-08-13,3511,24959.0,1426.0
2017-08-14,3512,14566.0,1125.0
2017-08-15,3513,74163.0,3047.0
2017-08-16,3514,29714.0,1407.0
2017-08-17,3515,33462.0,1336.0
2017-08-18,3516,57416.0,2231.0
2017-08-19,3517,36563.0,2388.0
2017-08-20,3518,8879.0,983.0
2017-08-21,3519,15118.0,1248.0
2017-08-22,3520,13177.0,1205.0
2017-08-23,3521,28028.0,1670.0
2017-08-24,3522,24635.0,805.0
2017-08-25,3523,38693.0,1277.0
2017-08-26,3524,63738.0,2585.0
2017-08-27,3525,121696.0,4656.0
2017-08-28,3526,113217.0,4345.0
2017-08-29,3527,60225.0,2959.0
2017-08-30,3528,55596.0,2038.0
2017-08-31,3529,71118.0,1783.0
2017-09-01,3530,145353.0,2646.0
2017-09-02,3531,134726.0,3772.0
2017-09-03,3532,67678.0,2641.0
2017-09-04,3533,15864.0,565.0
2017-09-05,3534,5325.0,420.0
2017-09-06,3535,11722.0,516.0
2017-09-07,3536,77068.0,2223.0
2017-09-08,3537,102974.0,3072.0
2017-09-09,3538,85050.0,2763.0
2017-09-10,3539,130223.0,4321.0
2017-09-11,3540,119821.0,2977.0
2017-09-12,3541,11895.0,994.0
2017-09-13,3542,3784.0,431.0
2017-09-14,3543,2639.0,348.0
2017-09-15,3544,15168.0,1186.0
2017-09-16,3545,36893.0,2526.0
2017-09-17,3546,51491.0,2848.0
2017-09-18,3547,20365.0,1250.0
2017-09-19,3548,22101.0,1679.0
2017-09-20,3549,41476.0,1625.0
2017-09-21,3550,1756.0,199.0
2017-09-22,3551,20822.0,763.0
2017-09-23,3552,10628.0,732.0
2017-09-24,3553,104162.0,3067.0
2017-09-25,3554,49723.0,2229.0
2017-09-26,3555,61943.0,2020.0
2017-09-27,3556,71212.0,2017.0
2017-09-28,3557,49312.0,2130.0
2017-09-29,3558,18037.0,1340.0
2017-09-30,3559,15126.0,824.0
2017-10-01,3560,12085.0,716.0
2017-10-02,3561,36406.0,1702.0
2017-10-03,3562,7785.0,445.0
2017-10-04,3563,69224.0,995.0
2017-10-05,3564,21270.0,659.0
2017-10-06,3565,8637.0,527.0
2017-10-07,3566,1857.0,214.0
2017-10-08,3567,91.0,9.0
2017-10-09,3568,95.0,12.0
2017-10-10,3569,1881.0,145.0
2017-10-11,3570,1808.0,188.0
2017-10-12,3571,174.0,26.0
2017-10-13,3572,205.0,14.0
2017-10-14,3573,44.0,2.0
2017-10-15,3574,132.0,16.0
2017-10-16,3575,1899.0,233.0
2017-10-17,3576,15079.0,905.0
2017-10-18,3577,82406.0,1725.0
2017-10-19,3578,44556.0,1378.0
2017-10-20,3579,40001.0,898.0
2017-10-21,3580,6093.0,360.0
2017-10-22,3581,16009.0,1065.0
2017-10-23,3582,30522.0,1931.0
2017-10-24,3583,11586.0,1108.0
2017-10-25,3584,21356.0,1627.0
2017-10-26,3585,4583.0,306.0
2017-10-27,3586,609.0,78.0
2017-10-28,3587,690.0,66.0
2017-10-29,3588,963.0,164.0
2017-10-30,3589,80.0,14.0
2017-10-31,3590,153.0,24.0
2017-11-01,3591,11534.0,526.0
2017-11-02,3592,1346.0,206.0
2017-11-03,3593,8933.0,771.0
2017-11-04,3594,57243.0,2034.0
2017-11-05,3595,112365.0,3374.0
2017-11-06,3596,116697.0,2539.0
2017-11-07,3597,134711.0,3268.0
2017-11-08,3598,62084.0,1662.0
2017-11-09,3599,18978.0,1487.0
2017-11-10,3600,96499.0,2347.0
2017-11-11,3601,82377.0,1917.0
2017-11-12,3602,17239.0,1137.0
2017-11-13,3603,40893.0,2234.0
2017-11-14,3604,22498.0,2355.0
2017-11-15,3605,16188.0,1701.0
2017-11-16,3606,40476.0,2724.0
2017-11-17,3607,20480.0,1431.0
2017-11-18,3608,8979.0,730.0
2017-11-19,3609,2973.0,404.0
2017-11-20,3610,1445.0,216.0
2017-11-21,3611,23.0,0.0
2017-11-22,3612,7837.0,562.0
2017-11-23,3613,322.0,43.0
2017-11-24,3614,675.0,106.0
2017-11-25,3615,452.0,81.0
2017-11-26,3616,10852.0,1002.0
2017-11-27,3617,5459.0,629.0
2017-11-28,3618,2391.0,260.0
2017-11-29,3619,2031.0,289.0
2017-11-30,3620,2288.0,341.0
2017-12-01,3621,6416.0,1036.0
2017-12-02,3622,11275.0,1453.0
2017-12-03,3623,3956.0,633.0
2017-12-04,3624,2614.0,373.0
2017-12-05,3625,653.0,123.0
2017-12-06,3626,40.0,2.0
2017-12-07,3627,63.0,8.0
2017-12-08,3628,1690.0,220.0
2017-12-09,3629,2650.0,409.0
2017-12-10,3630,347.0,56.0
2017-12-11,3631,711.0,120.0
2017-12-12,3632,382.0,60.0
2017-12-13,3633,762.0,115.0
2017-12-14,3634,1463.0,296.0
2017-12-15,3635,1625.0,235.0
2017-12-16,3636,7061.0,677.0
2017-12-17,3637,1547.0,290.0
2017-12-18,3638,2437.0,350.0
2017-12-19,3639,96.0,12.0
2017-12-20,3640,618.0,98.0
2017-12-21,3641,8491.0,609.0
2017-12-22,3642,3902.0,374.0
2017-12-23,3643,68.0,14.0
2017-12-24,3644,358.0,44.0
2017-12-25,3645,851.0,88.0
2017-12-26,3646,4883.0,716.0
2017-12-27,3647,2558.0,401.0
2017-12-28,3648,4744.0,775.0
2017-12-29,3649,5074.0,735.0
2017-12-30,3650,339.0,61.0
2017-12-31,3651,1872.0,340.0
2018-01-01,3652,10451.0,1044.0
2018-01-02,3653,4875.0,680.0
2018-01-03,3654,4985.0,489.0
2018-01-04,3655,1860.0,191.0
2018-01-05,3656,736.0,97.0
2018-01-06,3657,7549.0,518.0
2018-01-07,3658,14026.0,976.0
2018-01-08,3659,28920.0,1552.0
2018-01-09,3660,7357.0,626.0
2018-01-10,3661,20222.0,1434.0
2018-01-11,3662,9680.0,1239.0
2018-01-12,3663,12535.0,1462.0
2018-01-13,3664,6110.0,502.0
2018-01-14,3665,1102.0,195.0
2018-01-15,3666,689.0,89.0
2018-01-16,3667,3162.0,484.0
2018-01-17,3668,3845.0,654.0
2018-01-18,3669,468.0,79.0
2018-01-19,3670,594.0,93.0
2018-01-20,3671,851.0,107.0
2018-01-21,3672,1257.0,155.0
2018-01-22,3673,91.0,18.0
2018-01-23,3674,99.0,15.0
2018-01-24,3675,156.0,26.0
2018-01-25,3676,213.0,31.0
2018-01-26,3677,1504.0,252.0
2018-01-27,3678,1544.0,153.0
2018-01-28,3679,1920.0,238.0
2018-01-29,3680,74.0,14.0
2018-01-30,3681,376.0,59.0
2018-01-31,3682,380.0,64.0
2018-02-01,3683,2217.0,367.0
2018-02-02,3684,8519.0,1082.0
2018-02-03,3685,4147.0,549.0
2018-02-04,3686,865.0,153.0
2018-02-05,3687,3162.0,459.0
2018-02-06,3688,7553.0,915.0
2018-02-07,3689,18896.0,1603.0
2018-02-08,3690,1614.0,240.0
2018-02-09,3691,2067.0,338.0
2018-02-10,3692,1837.0,279.0
2018-02-11,3693,933.0,172.0
2018-02-12,3694,2553.0,312.0
2018-02-13,3695,7662.0,781.0
2018-02-14,3696,3619.0,620.0
2018-02-15,3697,1978.0,389.0
2018-02-16,3698,261.0,38.0
2018-02-17,3699,66.0,5.0
2018-02-18,3700,21.0,1.0
2018-02-19,3701,313.0,55.0
2018-02-20,3702,4524.0,417.0
2018-02-21,3703,3753.0,533.0
2018-02-22,3704,7981.0,561.0
2018-02-23,3705,8065.0,799.0
2018-02-24,3706,2805.0,336.0
2018-02-25,3707,3776.0,359.0
2018-02-26,3708,1228.0,197.0
2018-02-27,3709,3435.0,413.0
2018-02-28,3710,2284.0,407.0
2018-03-01,3711,5199.0,641.0
2018-03-02,3712,5341.0,727.0
2018-03-03,3713,4911.0,696.0
2018-03-04,3714,5873.0,549.0
2018-03-05,3715,4164.0,592.0
2018-03-06,3716,4203.0,591.0
2018-03-07,3717,8212.0,874.0
2018-03-08,3718,2499.0,291.0
2018-03-09,3719,370.0,69.0
2018-03-10,3720,9491.0,1037.0
2018-03-11,3721,12569.0,865.0
2018-03-12,3722,13436.0,1386.0
2018-03-13,3723,3394.0,432.0
2018-03-14,3724,2633.0,338.0
2018-03-15,3725,1436.0,196.0
2018-03-16,3726,4047.0,514.0
2018-03-17,3727,3315.0,533.0
2018-03-18,3728,2821.0,508.0
2018-03-19,3729,10423.0,1229.0
2018-03-20,3730,3288.0,542.0
2018-03-21,3731,1628.0,250.0
2018-03-22,3732,2756.0,410.0
2018-03-23,3733,2942.0,470.0
2018-03-24,3734,4248.0,652.0
2018-03-25,3735,17911.0,1125.0
2018-03-26,3736,4200.0,516.0
2018-03-27,3737,745.0,126.0
2018-03-28,3738,1319.0,190.0
2018-03-29,3739,842.0,157.0
2018-03-30,3740,8766.0,1015.0
2018-03-31,3741,20146.0,2149.0
2018-04-01,3742,3753.0,555.0
2018-04-02,3743,139.0,26.0
2018-04-03,3744,8208.0,874.0
2018-04-04,3745,30562.0,1788.0
2018-04-05,3746,6015.0,606.0
2018-04-06,3747,7618.0,650.0
2018-04-07,3748,3939.0,370.0
2018-04-08,3749,5862.0,596.0
2018-04-09,3750,12207.0,740.0
2018-04-10,3751,23200.0,1338.0
2018-04-11,3752,8443.0,848.0
2018-04-12,3753,18752.0,1357.0
2018-04-13,3754,45151.0,1937.0
2018-04-14,3755,19164.0,1148.0
2018-04-15,3756,8858.0,464.0
2018-04-16,3757,22735.0,1010.0
2018-04-17,3758,8675.0,615.0
2018-04-18,3759,3854.0,274.0
2018-04-19,3760,5705.0,372.0
2018-04-20,3761,5427.0,594.0
2018-04-21,3762,24429.0,1315.0
2018-04-22,3763,56855.0,2496.0
2018-04-23,3764,77795.0,3282.0
2018-04-24,3765,21996.0,1588.0
2018-04-25,3766,36207.0,2054.0
2018-04-26,3767,26171.0,1885.0
2018-04-27,3768,16210.0,1072.0
2018-04-28,3769,23506.0,1539.0
2018-04-29,3770,85034.0,3646.0
2018-04-30,3771,150849.0,4237.0
2018-05-01,3772,24355.0,1746.0
2018-05-02,3773,72698.0,2962.0
2018-05-03,3774,88428.0,3916.0
2018-05-04,3775,43774.0,2197.0
2018-05-05,3776,43944.0,3008.0
2018-05-06,3777,64261.0,3548.0
2018-05-07,3778,80232.0,4578.0
2018-05-08,3779,80767.0,5138.0
2018-05-09,3780,104236.0,5216.0
2018-05-10,3781,132453.0,5845.0
2018-05-11,3782,72485.0,3229.0
2018-05-12,3783,93783.0,4528.0
2018-05-13,3784,99742.0,4222.0
2018-05-14,3785,57684.0,2215.0
2018-05-15,3786,52470.0,2552.0
2018-05-16,3787,35183.0,2164.0
2018-05-17,3788,33703.0,2670.0
2018-05-18,3789,35710.0,2989.0
2018-05-19,3790,45488.0,3372.0
2018-05-20,3791,52281.0,3316.0
2018-05-21,3792,80441.0,4799.0
2018-05-22,3793,94025.0,4703.0
2018-05-23,3794,114032.0,6505.0
2018-05-24,3795,113924.0,5674.0
2018-05-25,3796,97868.0,5236.0
2018-05-26,3797,104027.0,5097.0
2018-05-27,3798,135643.0,6945.0
2018-05-28,3799,152510.0,6238.0
2018-05-29,3800,186573.0,6189.0
2018-05-30,3801,149574.0,5803.0
2018-05-31,3802,163781.0,5317.0
2018-06-01,3803,161229.0,6588.0
2018-06-02,3804,155580.0,8136.0
2018-06-03,3805,119614.0,6139.0
2018-06-04,3806,97745.0,4657.0
2018-06-05,3807,150459.0,5632.0
2018-06-06,3808,133914.0,5651.0
2018-06-07,3809,148863.0,5524.0
2018-06-08,3810,275853.0,5735.0
2018-06-09,3811,239062.0,7121.0
2018-06-10,3812,113818.0,5546.0
2018-06-11,3813,142707.0,4101.0
2018-06-12,3814,170336.0,4472.0
2018-06-13,3815,206902.0,6500.0
2018-06-14,3816,97138.0,4293.0
2018-06-15,3817,96644.0,3919.0
2018-06-16,3818,56357.0,3103.0
2018-06-17,3819,64755.0,3624.0
2018-06-18,3820,50617.0,3150.0
2018-06-19,3821,68529.0,2336.0
2018-06-20,3822,70113.0,2778.0
2018-06-21,3823,144946.0,6727.0
2018-06-22,3824,117924.0,4295.0
2018-06-23,3825,17870.0,1191.0
2018-06-24,3826,31446.0,1330.0
2018-06-25,3827,44471.0,2998.0
2018-06-26,3828,58180.0,3235.0
2018-06-27,3829,33218.0,2214.0
2018-06-28,3830,41012.0,2198.0
2018-06-29,3831,26881.0,1880.0
2018-06-30,3832,32528.0,2047.0
2018-07-01,3833,82140.0,2584.0
2018-07-02,3834,44640.0,2390.0
2018-07-03,3835,62647.0,2472.0
2018-07-04,3836,122452.0,4725.0
2018-07-05,3837,67601.0,2718.0
2018-07-06,3838,80644.0,3621.0
2018-07-07,3839,104330.0,4371.0
2018-07-08,3840,41322.0,2686.0
2018-07-09,3841,32815.0,1942.0
2018-07-10,3842,21413.0,1503.0
2018-07-11,3843,49694.0,2682.0
2018-07-12,3844,62426.0,3143.0
2018-07-13,3845,58849.0,3175.0
2018-07-14,3846,57094.0,2991.0
2018-07-15,3847,98156.0,5345.0
2018-07-16,3848,192923.0,6295.0
2018-07-17,3849,49736.0,2965.0
2018-07-18,3850,49645.0,1938.0
2018-07-19,3851,29515.0,1790.0
2018-07-20,3852,99150.0,4654.0
2018-07-21,3853,91994.0,2511.0
2018-07-22,3854,66571.0,3823.0
2018-07-23,3855,57644.0,3230.0
2018-07-24,3856,20322.0,1461.0
2018-07-25,3857,56904.0,3387.0
2018-07-26,3858,125034.0,5072.0
2018-07-27,3859,137931.0,7443.0
2018-07-28,3860,128410.0,6888.0
2018-07-29,3861,176732.0,5139.0
2018-07-30,3862,94747.0,4010.0
2018-07-31,3863,110513.0,4589.0
2018-08-01,3864,155095.0,5989.0
2018-08-02,3865,131672.0,5332.0
2018-08-03,3866,95606.0,3829.0
2018-08-04,3867,158808.0,5273.0
2018-08-05,3868,162524.0,5062.0
2018-08-06,3869,103069.0,3741.0
2018-08-07,3870,142709.0,4726.0
2018-08-08,3871,124757.0,5637.0
2018-08-09,3872,264251.0,6051.0
2018-08-10,3873,147313.0,5113.0
2018-08-11,3874,107964.0,4209.0
2018-08-12,3875,76416.0,2975.0
2018-08-13,3876,133150.0,3894.0
2018-08-14,3877,286726.0,7317.0
2018-08-15,3878,106480.0,3926.0
2018-08-16,3879,127855.0,4317.0
2018-08-17,3880,146371.0,5800.0
2018-08-18,3881,116413.0,4160.0
2018-08-19,3882,161739.0,4973.0
2018-08-20,3883,198408.0,4942.0
2018-08-21,3884,184460.0,4829.0
2018-08-22,3885,173859.0,5875.0
2018-08-23,3886,247742.0,7570.0
2018-08-24,3887,234639.0,8055.0
2018-08-25,3888,162809.0,4836.0
2018-08-26,3889,94638.0,3725.0
2018-08-27,3890,69196.0,2732.0
2018-08-28,3891,74672.0,2966.0
2018-08-29,3892,38960.0,1741.0
2018-08-30,3893,23024.0,1083.0
2018-08-31,3894,69022.0,2220.0
2018-09-01,3895,156091.0,4169.0
2018-09-02,3896,93295.0,3173.0
2018-09-03,3897,126992.0,5209.0
2018-09-04,3898,118320.0,4546.0
2018-09-05,3899,79309.0,3789.0
2018-09-06,3900,108409.0,3424.0
2018-09-07,3901,91198.0,3243.0
2018-09-08,3902,62279.0,3687.0
2018-09-09,3903,60122.0,2776.0
2018-09-10,3904,75734.0,1605.0
2018-09-11,3905,49644.0,1818.0
2018-09-12,3906,71928.0,2302.0
2018-09-13,3907,42908.0,2254.0
2018-09-14,3908,47405.0,2415.0
2018-09-15,3909,84115.0,3052.0
2018-09-16,3910,21626.0,1249.0
2018-09-17,3911,69341.0,2647.0
2018-09-18,3912,79462.0,3505.0
2018-09-19,3913,90328.0,2842.0
2018-09-20,3914,58519.0,3210.0
2018-09-21,3915,30054.0,2320.0
2018-09-22,3916,5671.0,612.0
2018-09-23,3917,8545.0,779.0
2018-09-24,3918,5082.0,761.0
2018-09-25,3919,5825.0,217.0
2018-09-26,3920,13221.0,886.0
2018-09-27,3921,4189.0,409.0
2018-09-28,3922,16061.0,1066.0
2018-09-29,3923,3211.0,312.0
2018-09-30,3924,6291.0,423.0
2018-10-01,3925,34770.0,2469.0
2018-10-02,3926,64586.0,3073.0
2018-10-03,3927,44266.0,1919.0
2018-10-04,3928,58708.0,1994.0
2018-10-05,3929,53801.0,2312.0
2018-10-06,3930,46949.0,2158.0
2018-10-07,3931,50207.0,2104.0
2018-10-08,3932,127560.0,3501.0
2018-10-09,3933,118045.0,3153.0
2018-10-10,3934,74702.0,2605.0
2018-10-11,3935,90454.0,1690.0
2018-10-12,3936,38422.0,1065.0
2018-10-13,3937,11770.0,1064.0
2018-10-14,3938,41226.0,2172.0
2018-10-15,3939,27819.0,1421.0
2018-10-16,3940,22694.0,1096.0
2018-10-17,3941,62910.0,2073.0
2018-10-18,3942,82755.0,2750.0
2018-10-19,3943,24108.0,1243.0
2018-10-20,3944,35328.0,1008.0
2018-10-21,3945,35007.0,2077.0
2018-10-22,3946,53595.0,3335.0
2018-10-23,3947,22715.0,1799.0
2018-10-24,3948,3093.0,241.0
2018-10-25,3949,72.0,10.0
2018-10-26,3950,2418.0,254.0
2018-10-27,3951,16593.0,1543.0
2018-10-28,3952,31323.0,2499.0
2018-10-29,3953,125018.0,4792.0
2018-10-30,3954,22146.0,1206.0
2018-10-31,3955,13904.0,1522.0
2018-11-01,3956,20540.0,1153.0
2018-11-02,3957,21065.0,1354.0
2018-11-03,3958,31918.0,1541.0
2018-11-04,3959,30218.0,1315.0
2018-11-05,3960,9045.0,462.0
2018-11-06,3961,1229.0,175.0
2018-11-07,3962,6192.0,697.0
2018-11-08,3963,8423.0,771.0
2018-11-09,3964,18483.0,893.0
2018-11-10,3965,26705.0,1204.0
2018-11-11,3966,2502.0,332.0
2018-11-12,3967,1139.0,194.0
2018-11-13,3968,595.0,93.0
2018-11-14,3969,1945.0,240.0
2018-11-15,3970,7561.0,473.0
2018-11-16,3971,14628.0,1093.0
2018-11-17,3972,17096.0,1331.0
2018-11-18,3973,16331.0,1112.0
2018-11-19,3974,22065.0,1335.0
2018-11-20,3975,44256.0,3011.0
2018-11-21,3976,8228.0,895.0
2018-11-22,3977,2648.0,302.0
2018-11-23,3978,2509.0,343.0
2018-11-24,3979,1471.0,173.0
2018-11-25,3980,21623.0,1150.0
2018-11-26,3981,7597.0,731.0
2018-11-27,3982,8345.0,846.0
2018-11-28,3983,10926.0,1049.0
2018-11-29,3984,10123.0,700.0
2018-11-30,3985,1276.0,171.0
2018-12-01,3986,6598.0,687.0
2018-12-02,3987,552.0,83.0
2018-12-03,3988,1946.0,206.0
2018-12-04,3989,988.0,163.0
2018-12-05,3990,1448.0,202.0
2018-12-06,3991,1625.0,199.0
2018-12-07,3992,2190.0,326.0
2018-12-08,3993,2083.0,168.0
2018-12-09,3994,1886.0,272.0
2018-12-10,3995,9827.0,1140.0
2018-12-11,3996,2979.0,426.0
2018-12-12,3997,253.0,36.0
2018-12-13,3998,2160.0,369.0
2018-12-14,3999,7077.0,796.0
2018-12-15,4000,45330.0,2502.0
2018-12-16,4001,6041.0,560.0
2018-12-17,4002,10702.0,1049.0
2018-12-18,4003,5332.0,636.0
2018-12-19,4004,1841.0,242.0
2018-12-20,4005,165.0,26.0
2018-12-21,4006,22.0,0.0
2018-12-22,4007,228.0,41.0
2018-12-23,4008,248.0,18.0
2018-12-24,4009,95.0,18.0
2018-12-25,4010,98.0,18.0
2018-12-26,4011,83.0,16.0
2018-12-27,4012,24.0,0.0
2018-12-28,4013,30.0,0.0
2018-12-29,4014,114.0,15.0
2018-12-30,4015,4241.0,618.0
2018-12-31,4016,8416.0,800.0
2019-01-01,4017,5223.0,521.0
2019-01-02,4018,719.0,114.0
2019-01-03,4019,1612.0,246.0
2019-01-04,4020,1022.0,163.0
2019-01-05,4021,2077.0,370.0
2019-01-06,4022,665.0,110.0
2019-01-07,4023,527.0,97.0
2019-01-08,4024,322.0,47.0
2019-01-09,4025,5935.0,809.0
2019-01-10,4026,5628.0,945.0
2019-01-11,4027,6062.0,977.0
2019-01-12,4028,13079.0,912.0
2019-01-13,4029,121.0,15.0
2019-01-14,4030,1844.0,328.0
2019-01-15,4031,1293.0,230.0
2019-01-16,4032,96.0,10.0
2019-01-17,4033,1363.0,222.0
2019-01-18,4034,3719.0,512.0
2019-01-19,4035,4568.0,597.0
2019-01-20,4036,6791.0,744.0
2019-01-21,4037,3465.0,482.0
2019-01-22,4038,14419.0,1274.0
2019-01-23,4039,20123.0,1941.0
2019-01-24,4040,11722.0,1482.0
2019-01-25,4041,6998.0,898.0
2019-01-26,4042,1154.0,162.0
2019-01-27,4043,772.0,145.0
2019-01-28,4044,5291.0,867.0
2019-01-29,4045,8166.0,696.0
2019-01-30,4046,4068.0,737.0
2019-01-31,4047,4117.0,628.0
2019-02-01,4048,2977.0,490.0
2019-02-02,4049,8853.0,1341.0
2019-02-03,4050,4613.0,610.0
2019-02-04,4051,13417.0,1166.0
2019-02-05,4052,25029.0,1592.0
2019-02-06,4053,4532.0,495.0
2019-02-07,4054,475.0,87.0
2019-02-08,4055,145.0,19.0
2019-02-09,4056,128.0,18.0
2019-02-10,4057,600.0,88.0
2019-02-11,4058,3015.0,429.0
2019-02-12,4059,2670.0,371.0
2019-02-13,4060,884.0,141.0
2019-02-14,4061,410.0,76.0
2019-02-15,4062,1308.0,218.0
2019-02-16,4063,756.0,119.0
2019-02-17,4064,66.0,6.0
2019-02-18,4065,865.0,91.0
2019-02-19,4066,395.0,61.0
2019-02-20,4067,28.0,0.0
2019-02-21,4068,28.0,0.0
2019-02-22,4069,569.0,89.0
2019-02-23,4070,7193.0,904.0
2019-02-24,4071,3765.0,340.0
2019-02-25,4072,905.0,134.0
2019-02-26,4073,320.0,61.0
2019-02-27,4074,704.0,129.0
2019-02-28,4075,212.0,18.0
2019-03-01,4076,157.0,23.0
2019-03-02,4077,10065.0,803.0
2019-03-03,4078,1153.0,191.0
2019-03-04,4079,2469.0,392.0
2019-03-05,4080,405.0,75.0
2019-03-06,4081,3700.0,371.0
2019-03-07,4082,1739.0,245.0
2019-03-08,4083,307.0,61.0
2019-03-09,4084,4494.0,603.0
2019-03-10,4085,1051.0,214.0
2019-03-11,4086,9212.0,1015.0
2019-03-12,4087,4048.0,576.0
2019-03-13,4088,1636.0,226.0
2019-03-14,4089,1496.0,254.0
2019-03-15,4090,517.0,94.0
2019-03-16,4091,98.0,12.0
2019-03-17,4092,803.0,150.0
2019-03-18,4093,534.0,82.0
2019-03-19,4094,850.0,121.0
2019-03-20,4095,2641.0,324.0
2019-03-21,4096,12266.0,616.0
2019-03-22,4097,992.0,114.0
2019-03-23,4098,341.0,28.0
2019-03-24,4099,2150.0,183.0
2019-03-25,4100,2125.0,335.0
2019-03-26,4101,2407.0,348.0
2019-03-27,4102,1173.0,187.0
2019-03-28,4103,56.0,8.0
2019-03-29,4104,264.0,34.0
2019-03-30,4105,932.0,145.0
2019-03-31,4106,4571.0,508.0
2019-04-01,4107,5124.0,522.0
2019-04-02,4108,9429.0,843.0
2019-04-03,4109,14885.0,1231.0
2019-04-04,4110,7997.0,775.0
2019-04-05,4111,1871.0,265.0
2019-04-06,4112,6092.0,940.0
2019-04-07,4113,15464.0,1750.0
2019-04-08,4114,12035.0,1375.0
2019-04-09,4115,14832.0,1260.0
2019-04-10,4116,31297.0,2884.0
2019-04-11,4117,16354.0,1745.0
2019-04-12,4118,12883.0,1228.0
2019-04-13,4119,9605.0,802.0
2019-04-14,4120,10303.0,1129.0
2019-04-15,4121,32384.0,2313.0
2019-04-16,4122,2207.0,228.0
2019-04-17,4123,2694.0,343.0
2019-04-18,4124,9408.0,936.0
2019-04-19,4125,3333.0,452.0
2019-04-20,4126,2772.0,315.0
2019-04-21,4127,6038.0,476.0
2019-04-22,4128,9463.0,990.0
2019-04-23,4129,5008.0,634.0
2019-04-24,4130,20962.0,1236.0
2019-04-25,4131,10878.0,1305.0
2019-04-26,4132,46051.0,1995.0
2019-04-27,4133,43233.0,2565.0
2019-04-28,4134,8109.0,555.0
2019-04-29,4135,9394.0,631.0
2019-04-30,4136,7318.0,801.0
2019-05-01,4137,12930.0,1061.0
2019-05-02,4138,8318.0,850.0
2019-05-03,4139,12077.0,1345.0
2019-05-04,4140,14604.0,1529.0
2019-05-05,4141,11646.0,967.0
2019-05-06,4142,7937.0,792.0
2019-05-07,4143,865.0,79.0
2019-05-08,4144,6380.0,665.0
2019-05-09,4145,1325.0,189.0
2019-05-10,4146,12198.0,967.0
2019-05-11,4147,31112.0,1828.0
2019-05-12,4148,24851.0,2094.0
2019-05-13,4149,17003.0,1093.0
2019-05-14,4150,7704.0,769.0
2019-05-15,4151,2929.0,453.0
2019-05-16,4152,21889.0,1427.0
2019-05-17,4153,16360.0,1416.0
2019-05-18,4154,40723.0,2524.0
2019-05-19,4155,65027.0,3514.0
2019-05-20,4156,71346.0,4406.0
2019-05-21,4157,21187.0,1969.0
2019-05-22,4158,25876.0,2075.0
2019-05-23,4159,25854.0,1863.0
2019-05-24,4160,14216.0,1608.0
2019-05-25,4161,19506.0,1591.0
2019-05-26,4162,3670.0,484.0
2019-05-27,4163,5166.0,743.0
2019-05-28,4164,66885.0,3364.0
2019-05-29,4165,29890.0,1768.0
2019-05-30,4166,2043.0,256.0
2019-05-31,4167,9633.0,604.0
2019-06-01,4168,11121.0,814.0
2019-06-02,4169,45294.0,3011.0
2019-06-03,4170,53416.0,3374.0
2019-06-04,4171,68543.0,3315.0
2019-06-05,4172,50186.0,3247.0
2019-06-06,4173,91425.0,4903.0
2019-06-07,4174,45390.0,2911.0
2019-06-08,4175,29234.0,1922.0
2019-06-09,4176,13414.0,1288.0
2019-06-10,4177,82150.0,3671.0
2019-06-11,4178,159639.0,4168.0
2019-06-12,4179,135649.0,4065.0
2019-06-13,4180,170497.0,5194.0
2019-06-14,4181,49999.0,2559.0
2019-06-15,4182,198679.0,4170.0
2019-06-16,4183,149458.0,4533.0
2019-06-17,4184,63967.0,3007.0
2019-06-18,4185,100315.0,4256.0
2019-06-19,4186,176657.0,7355.0
2019-06-20,4187,123008.0,6911.0
2019-06-21,4188,84971.0,4168.0
2019-06-22,4189,106879.0,3940.0
2019-06-23,4190,108806.0,2522.0
2019-06-24,4191,52099.0,2126.0
2019-06-25,4192,23154.0,1068.0
2019-06-26,4193,34081.0,1869.0
2019-06-27,4194,84601.0,2340.0
2019-06-28,4195,15006.0,780.0
2019-06-29,4196,19581.0,1229.0
2019-06-30,4197,31215.0,1487.0
2019-07-01,4198,102762.0,4014.0
2019-07-02,4199,57350.0,2428.0
2019-07-03,4200,87259.0,3648.0
2019-07-04,4201,55950.0,2638.0
2019-07-05,4202,59718.0,2425.0
2019-07-06,4203,76020.0,2629.0
2019-07-07,4204,153748.0,5183.0
2019-07-08,4205,95832.0,4590.0
2019-07-09,4206,148931.0,3857.0
2019-07-10,4207,144831.0,3336.0
2019-07-11,4208,16208.0,840.0
2019-07-12,4209,85698.0,3803.0
2019-07-13,4210,124673.0,5608.0
2019-07-14,4211,34135.0,2691.0
2019-07-15,4212,67766.0,2702.0
2019-07-16,4213,95541.0,2538.0
2019-07-17,4214,26051.0,1404.0
2019-07-18,4215,30608.0,1393.0
2019-07-19,4216,30412.0,2379.0
2019-07-20,4217,72236.0,3521.0
2019-07-21,4218,61012.0,3195.0
2019-07-22,4219,27357.0,1471.0
2019-07-23,4220,20193.0,1555.0
2019-07-24,4221,13268.0,1011.0
2019-07-25,4222,62682.0,2380.0
2019-07-26,4223,140430.0,6073.0
2019-07-27,4224,230198.0,7469.0
2019-07-28,4225,163111.0,5822.0
2019-07-29,4226,91399.0,2566.0
2019-07-30,4227,51491.0,2760.0
2019-07-31,4228,97400.0,3847.0
2019-08-01,4229,51104.0,3000.0
2019-08-02,4230,145022.0,4112.0
2019-08-03,4231,40773.0,2731.0
2019-08-04,4232,14339.0,1248.0
2019-08-05,4233,18403.0,1432.0
2019-08-06,4234,99779.0,4677.0
2019-08-07,4235,96373.0,4788.0
2019-08-08,4236,66897.0,3250.0
2019-08-09,4237,79570.0,3140.0
2019-08-10,4238,17728.0,1110.0
2019-08-11,4239,31382.0,1560.0
2019-08-12,4240,96280.0,3649.0
2019-08-13,4241,124636.0,3800.0
2019-08-14,4242,49403.0,2245.0
2019-08-15,4243,16348.0,943.0
2019-08-16,4244,11573.0,861.0
2019-08-17,4245,1974.0,175.0
2019-08-18,4246,24604.0,1409.0
2019-08-19,4247,19539.0,1574.0
2019-08-20,4248,14529.0,1088.0
2019-08-21,4249,19113.0,1143.0
2019-08-22,4250,87247.0,2483.0
2019-08-23,4251,107435.0,2660.0
2019-08-24,4252,133575.0,3795.0
2019-08-25,4253,119107.0,4837.0
2019-08-26,4254,141475.0,6079.0
2019-08-27,4255,185813.0,4863.0
2019-08-28,4256,218952.0,6458.0
2019-08-29,4257,118972.0,4605.0
2019-08-30,4258,98058.0,3661.0
2019-08-31,4259,119125.0,5164.0
2019-09-01,4260,240791.0,8181.0
2019-09-02,4261,167801.0,5737.0
2019-09-03,4262,42070.0,2080.0
2019-09-04,4263,108628.0,2563.0
2019-09-05,4264,34541.0,1645.0
2019-09-06,4265,69676.0,2709.0
2019-09-07,4266,109714.0,3850.0
2019-09-08,4267,93462.0,4052.0
2019-09-09,4268,59894.0,2966.0
2019-09-10,4269,185359.0,5945.0
2019-09-11,4270,72492.0,3075.0
2019-09-12,4271,49219.0,2095.0
2019-09-13,4272,62521.0,2569.0
2019-09-14,4273,58762.0,2685.0
2019-09-15,4274,22360.0,1406.0
2019-09-16,4275,12885.0,766.0
2019-09-17,4276,47763.0,2505.0
2019-09-18,4277,47247.0,2189.0
2019-09-19,4278,187127.0,4043.0
2019-09-20,4279,43998.0,1982.0
2019-09-21,4280,131588.0,2536.0
2019-09-22,4281,71082.0,1434.0
2019-09-23,4282,58872.0,1594.0
2019-09-24,4283,83023.0,1174.0
2019-09-25,4284,4000.0,403.0
2019-09-26,4285,4492.0,325.0
2019-09-27,4286,1513.0,195.0
2019-09-28,4287,2311.0,325.0
2019-09-29,4288,386.0,49.0
2019-09-30,4289,2743.0,318.0
2019-10-01,4290,14828.0,1383.0
2019-10-02,4291,79192.0,3444.0
2019-10-03,4292,123140.0,4440.0
2019-10-04,4293,70684.0,1571.0
2019-10-05,4294,932.0,108.0
2019-10-06,4295,425.0,60.0
2019-10-07,4296,46653.0,2753.0
2019-10-08,4297,10649.0,630.0
2019-10-09,4298,13112.0,700.0
2019-10-10,4299,20963.0,845.0
2019-10-11,4300,475.0,87.0
2019-10-12,4301,3238.0,414.0
2019-10-13,4302,1974.0,257.0
2019-10-14,4303,44715.0,2057.0
2019-10-15,4304,45752.0,2184.0
2019-10-16,4305,4590.0,282.0
2019-10-17,4306,3367.0,223.0
2019-10-18,4307,15976.0,957.0
2019-10-19,4308,2964.0,304.0
2019-10-20,4309,15707.0,964.0
2019-10-21,4310,19638.0,1453.0
2019-10-22,4311,79067.0,3249.0
2019-10-23,4312,71573.0,3383.0
2019-10-24,4313,77056.0,2130.0
2019-10-25,4314,49477.0,1850.0
2019-10-26,4315,19714.0,911.0
2019-10-27,4316,15402.0,562.0
2019-10-28,4317,14623.0,656.0
2019-10-29,4318,8159.0,376.0
2019-10-30,4319,34545.0,1520.0
2019-10-31,4320,55484.0,3587.0
2019-11-01,4321,32808.0,1556.0
2019-11-02,4322,16026.0,899.0
2019-11-03,4323,27754.0,1986.0
2019-11-04,4324,28332.0,1942.0
2019-11-05,4325,6608.0,850.0
2019-11-06,4326,17237.0,1825.0
2019-11-07,4327,73383.0,2606.0
2019-11-08,4328,29261.0,3263.0
2019-11-09,4329,33260.0,3222.0
2019-11-10,4330,50695.0,1926.0
2019-11-11,4331,45697.0,2180.0
2019-11-12,4332,69013.0,2670.0
2019-11-13,4333,31164.0,1418.0
2019-11-14,4334,16144.0,1386.0
2019-11-15,4335,16800.0,2077.0
2019-11-16,4336,20281.0,1947.0
2019-11-17,4337,23111.0,1646.0
2019-11-18,4338,10967.0,690.0
2019-11-19,4339,49253.0,2542.0
2019-11-20,4340,23196.0,1035.0
2019-11-21,4341,16094.0,1295.0
2019-11-22,4342,3588.0,449.0
2019-11-23,4343,7413.0,797.0
2019-11-24,4344,52822.0,1875.0
2019-11-25,4345,15312.0,1379.0
2019-11-26,4346,4953.0,623.0
2019-11-27,4347,540.0,61.0
2019-11-28,4348,3581.0,484.0
2019-11-29,4349,2485.0,329.0
2019-11-30,4350,1309.0,208.0
2019-12-01,4351,195.0,28.0
2019-12-02,4352,4332.0,453.0
2019-12-03,4353,24241.0,1440.0
2019-12-04,4354,27740.0,1705.0
2019-12-05,4355,9191.0,455.0
2019-12-06,4356,1104.0,121.0
2019-12-07,4357,398.0,59.0
2019-12-08,4358,1592.0,223.0
2019-12-09,4359,23419.0,987.0
2019-12-10,4360,27177.0,2923.0
2019-12-11,4361,12050.0,1216.0
2019-12-12,4362,4381.0,480.0
2019-12-13,4363,4659.0,790.0
2019-12-14,4364,5389.0,788.0
2019-12-15,4365,824.0,156.0
2019-12-16,4366,3483.0,182.0
2019-12-17,4367,979.0,132.0
2019-12-18,4368,4164.0,548.0
2019-12-19,4369,14493.0,1282.0
2019-12-20,4370,1622.0,283.0
2019-12-21,4371,5334.0,628.0
2019-12-22,4372,6005.0,851.0
2019-12-23,4373,12960.0,1693.0
2019-12-24,4374,2853.0,433.0
2019-12-25,4375,310.0,58.0
2019-12-26,4376,548.0,107.0
2019-12-27,4377,195.0,28.0
2019-12-28,4378,2497.0,401.0
2019-12-29,4379,3889.0,570.0
2019-12-30,4380,2842.0,507.0
2019-12-31,4381,761.0,135.0
2020-01-01,4382,70.0,9.0
2020-01-02,4383,999.0,193.0
2020-01-03,4384,57.0,6.0
2020-01-04,4385,352.0,56.0
2020-01-05,4386,1963.0,301.0
2020-01-06,4387,3137.0,311.0
2020-01-07,4388,70.0,10.0
2020-01-08,4389,266.0,40.0
2020-01-09,4390,39.0,3.0
2020-01-10,4391,149.0,25.0
2020-01-11,4392,316.0,45.0
2020-01-12,4393,849.0,124.0
2020-01-13,4394,2239.0,350.0
2020-01-14,4395,306.0,47.0
2020-01-15,4396,185.0,29.0
2020-01-16,4397,858.0,127.0
2020-01-17,4398,688.0,107.0
2020-01-18,4399,818.0,139.0
2020-01-19,4400,1368.0,183.0
2020-01-20,4401,1423.0,277.0
2020-01-21,4402,14534.0,1344.0
2020-01-22,4403,8943.0,702.0
2020-01-23,4404,4839.0,452.0
2020-01-24,4405,5806.0,579.0
2020-01-25,4406,5196.0,293.0
2020-01-26,4407,3939.0,405.0
2020-01-27,4408,1861.0,303.0
2020-01-28,4409,3699.0,535.0
2020-01-29,4410,388.0,75.0
2020-01-30,4411,203.0,32.0
2020-01-31,4412,37.0,2.0
2020-02-01,4413,435.0,56.0
2020-02-02,4414,328.0,31.0
2020-02-03,4415,58.0,5.0
2020-02-04,4416,3797.0,535.0
2020-02-05,4417,5140.0,845.0
2020-02-06,4418,580.0,97.0
2020-02-07,4419,42.0,4.0
2020-02-08,4420,233.0,41.0
2020-02-09,4421,841.0,170.0
2020-02-10,4422,6162.0,966.0
2020-02-11,4423,6604.0,849.0
2020-02-12,4424,1016.0,186.0
2020-02-13,4425,2095.0,191.0
2020-02-14,4426,2443.0,353.0
2020-02-15,4427,4930.0,424.0
2020-02-16,4428,792.0,152.0
2020-02-17,4429,501.0,83.0
2020-02-18,4430,322.0,55.0
2020-02-19,4431,2556.0,377.0
2020-02-20,4432,3671.0,488.0
2020-02-21,4433,215.0,38.0
2020-02-22,4434,851.0,164.0
2020-02-23,4435,1265.0,166.0
2020-02-24,4436,52.0,6.0
2020-02-25,4437,362.0,69.0
2020-02-26,4438,9353.0,964.0
2020-02-27,4439,1230.0,198.0
2020-02-28,4440,769.0,67.0
2020-02-29,4441,898.0,128.0
2020-03-01,4442,3145.0,402.0
2020-03-02,4443,6554.0,811.0
2020-03-03,4444,3590.0,485.0
2020-03-04,4445,3686.0,528.0
2020-03-05,4446,254.0,44.0
2020-03-06,4447,4173.0,680.0
2020-03-07,4448,4977.0,747.0
2020-03-08,4449,1884.0,269.0
2020-03-09,4450,1226.0,184.0
2020-03-10,4451,88.0,10.0
2020-03-11,4452,111.0,17.0
2020-03-12,4453,1116.0,156.0
2020-03-13,4454,489.0,87.0
2020-03-14,4455,877.0,87.0
2020-03-15,4456,19611.0,1556.0
2020-03-16,4457,540.0,92.0
2020-03-17,4458,840.0,127.0
2020-03-18,4459,1391.0,196.0
2020-03-19,4460,1807.0,198.0
2020-03-20,4461,8709.0,729.0
2020-03-21,4462,3926.0,392.0
2020-03-22,4463,2998.0,400.0
2020-03-23,4464,4644.0,522.0
2020-03-24,4465,1964.0,245.0
2020-03-25,4466,8987.0,634.0
2020-03-26,4467,4956.0,588.0
2020-03-27,4468,1939.0,228.0
2020-03-28,4469,378.0,74.0
2020-03-29,4470,1638.0,247.0
2020-03-30,4471,2797.0,401.0
2020-03-31,4472,2891.0,344.0
2020-04-01,4473,3328.0,457.0
2020-04-02,4474,5834.0,681.0
2020-04-03,4475,1136.0,171.0
2020-04-04,4476,1331.0,138.0
2020-04-05,4477,39.0,4.0
2020-04-06,4478,177.0,28.0
2020-04-07,4479,786.0,99.0
2020-04-08,4480,942.0,105.0
2020-04-09,4481,2341.0,222.0
2020-04-10,4482,1719.0,178.0
2020-04-11,4483,3033.0,356.0
2020-04-12,4484,11792.0,1187.0
2020-04-13,4485,16509.0,1332.0
2020-04-14,4486,16207.0,1172.0
2020-04-15,4487,5950.0,759.0
2020-04-16,4488,3062.0,315.0
2020-04-17,4489,32523.0,2182.0
2020-04-18,4490,30112.0,2457.0
2020-04-19,4491,13765.0,1152.0
2020-04-20,4492,921.0,100.0
2020-04-21,4493,530.0,100.0
2020-04-22,4494,1530.0,187.0
2020-04-23,4495,6025.0,369.0
2020-04-24,4496,6385.0,733.0
2020-04-25,4497,28106.0,2034.0
2020-04-26,4498,13256.0,1049.0
2020-04-27,4499,19185.0,1493.0
2020-04-28,4500,23207.0,1633.0
2020-04-29,4501,25596.0,1693.0
2020-04-30,4502,6461.0,676.0
2020-05-01,4503,16540.0,1276.0
2020-05-02,4504,14863.0,1376.0
2020-05-03,4505,4655.0,440.0
2020-05-04,4506,14693.0,1675.0
2020-05-05,4507,6959.0,477.0
2020-05-06,4508,1074.0,101.0
2020-05-07,4509,7018.0,497.0
2020-05-08,4510,33239.0,2089.0
2020-05-09,4511,41989.0,2696.0
2020-05-10,4512,34345.0,2838.0
2020-05-11,4513,19340.0,1040.0
2020-05-12,4514,4716.0,589.0
2020-05-13,4515,4536.0,624.0
2020-05-14,4516,10456.0,1060.0
2020-05-15,4517,10562.0,960.0
2020-05-16,4518,9838.0,825.0
2020-05-17,4519,7142.0,751.0
2020-05-18,4520,7224.0,674.0
2020-05-19,4521,31526.0,1762.0
2020-05-20,4522,33947.0,1684.0
2020-05-21,4523,23397.0,1101.0
2020-05-22,4524,860.0,81.0
2020-05-23,4525,29187.0,1407.0
2020-05-24,4526,7143.0,762.0
2020-05-25,4527,20398.0,1836.0
2020-05-26,4528,26238.0,2411.0
2020-05-27,4529,17293.0,1732.0
2020-05-28,4530,20069.0,2031.0
2020-05-29,4531,24779.0,2160.0
2020-05-30,4532,27047.0,1756.0
2020-05-31,4533,61075.0,3052.0
2020-06-01,4534,35937.0,2248.0
2020-06-02,4535,28354.0,1830.0
2020-06-03,4536,75849.0,5192.0
2020-06-04,4537,38856.0,3015.0
2020-06-05,4538,17234.0,1434.0
2020-06-06,4539,31518.0,2151.0
2020-06-07,4540,137179.0,5401.0
2020-06-08,4541,103154.0,5124.0
2020-06-09,4542,50324.0,3472.0
2020-06-10,4543,81899.0,4515.0
2020-06-11,4544,74952.0,3850.0
2020-06-12,4545,42267.0,2967.0
2020-06-13,4546,139495.0,5400.0
2020-06-14,4547,69750.0,3179.0
2020-06-15,4548,25737.0,1599.0
2020-06-16,4549,37470.0,3226.0
2020-06-17,4550,58057.0,4049.0
2020-06-18,4551,82519.0,4379.0
2020-06-19,4552,60618.0,3352.0
2020-06-20,4553,61529.0,2627.0
2020-06-21,4554,48351.0,2184.0
2020-06-22,4555,26634.0,1584.0
2020-06-23,4556,6154.0,527.0
2020-06-24,4557,26650.0,1573.0
2020-06-25,4558,85086.0,4580.0
2020-06-26,4559,187718.0,7076.0
2020-06-27,4560,132252.0,5290.0
2020-06-28,4561,64687.0,3032.0
2020-06-29,4562,101426.0,3309.0
2020-06-30,4563,14135.0,1142.0
2020-07-01,4564,103685.0,3263.0
2020-07-02,4565,128727.0,5044.0
2020-07-03,4566,82685.0,3472.0
2020-07-04,4567,49759.0,2238.0
2020-07-05,4568,46095.0,2053.0
2020-07-06,4569,55882.0,2385.0
2020-07-07,4570,15629.0,801.0
2020-07-08,4571,11361.0,862.0
2020-07-09,4572,13663.0,945.0
2020-07-10,4573,55721.0,2786.0
2020-07-11,4574,78187.0,2779.0
2020-07-12,4575,31148.0,2204.0
2020-07-13,4576,12974.0,738.0
2020-07-14,4577,22521.0,1412.0
2020-07-15,4578,28383.0,1943.0
2020-07-16,4579,32767.0,1843.0
2020-07-17,4580,23431.0,1586.0
2020-07-18,4581,13230.0,1177.0
2020-07-19,4582,38999.0,2386.0
2020-07-20,4583,59962.0,3276.0
2020-07-21,4584,55841.0,3447.0
2020-07-22,4585,80574.0,3167.0
2020-07-23,4586,67325.0,2538.0
2020-07-24,4587,165639.0,3559.0
2020-07-25,4588,67413.0,2292.0
2020-07-26,4589,29430.0,1900.0
2020-07-27,4590,22392.0,1124.0
2020-07-28,4591,67864.0,2670.0
2020-07-29,4592,33525.0,869.0
2020-07-30,4593,42416.0,1882.0
2020-07-31,4594,62055.0,1803.0
2020-08-01,4595,87279.0,2981.0
2020-08-02,4596,53858.0,2259.0
2020-08-03,4597,109883.0,3055.0
2020-08-04,4598,182111.0,3991.0
2020-08-05,4599,116751.0,3104.0
2020-08-06,4600,28746.0,1266.0
2020-08-07,4601,60694.0,2391.0
2020-08-08,4602,93635.0,3620.0
2020-08-09,4603,104088.0,4545.0
2020-08-10,4604,108853.0,5701.0
2020-08-11,4605,129508.0,6397.0
2020-08-12,4606,128382.0,5953.0
2020-08-13,4607,106662.0,3732.0
2020-08-14,4608,139331.0,4382.0
2020-08-15,4609,152588.0,5472.0
2020-08-16,4610,125464.0,4212.0
2020-08-17,4611,184954.0,4542.0
2020-08-18,4612,125582.0,5025.0
2020-08-19,4613,24351.0,1481.0
2020-08-20,4614,9890.0,997.0
2020-08-21,4615,55583.0,1975.0
2020-08-22,4616,72398.0,2527.0
2020-08-23,4617,44891.0,1889.0
2020-08-24,4618,45957.0,2229.0
2020-08-25,4619,74940.0,2617.0
2020-08-26,4620,32508.0,1188.0
2020-08-27,4621,2449.0,249.0
2020-08-28,4622,66984.0,3038.0
2020-08-29,4623,205666.0,4193.0
2020-08-30,4624,134596.0,3856.0
2020-08-31,4625,109746.0,2810.0
2020-09-01,4626,61048.0,2538.0
2020-09-02,4627,13310.0,1097.0
2020-09-03,4628,4769.0,395.0
2020-09-04,4629,1140.0,103.0
2020-09-05,4630,50011.0,1612.0
2020-09-06,4631,35067.0,1587.0
2020-09-07,4632,72888.0,2161.0
2020-09-08,4633,46018.0,1701.0
2020-09-09,4634,53587.0,1856.0
2020-09-10,4635,70404.0,2467.0
2020-09-11,4636,70622.0,2098.0
2020-09-12,4637,32063.0,1387.0
2020-09-13,4638,75927.0,2075.0
2020-09-14,4639,58330.0,1727.0
2020-09-15,4640,11650.0,792.0
2020-09-16,4641,48173.0,2341.0
2020-09-17,4642,57933.0,3226.0
2020-09-18,4643,39785.0,2497.0
2020-09-19,4644,57465.0,2059.0
2020-09-20,4645,61250.0,2197.0
2020-09-21,4646,80446.0,3017.0
2020-09-22,4647,96535.0,4119.0
2020-09-23,4648,116341.0,4375.0
2020-09-24,4649,44970.0,2613.0
2020-09-25,4650,100263.0,4615.0
2020-09-26,4651,29723.0,2627.0
2020-09-27,4652,19031.0,1675.0
2020-09-28,4653,17140.0,1211.0
2020-09-29,4654,1200.0,169.0
2020-09-30,4655,134.0,3.0
2020-10-01,4656,2743.0,242.0
2020-10-02,4657,17530.0,849.0
2020-10-03,4658,38280.0,1534.0
2020-10-04,4659,26626.0,1553.0
2020-10-05,4660,41356.0,2213.0
2020-10-06,4661,9538.0,669.0
2020-10-07,4662,3982.0,493.0
2020-10-08,4663,958.0,133.0
2020-10-09,4664,132.0,12.0
2020-10-10,4665,3649.0,443.0
2020-10-11,4666,18455.0,1207.0
2020-10-12,4667,71699.0,2508.0
2020-10-13,4668,12371.0,631.0
2020-10-14,4669,15412.0,1044.0
2020-10-15,4670,47036.0,2621.0
2020-10-16,4671,11722.0,837.0
2020-10-17,4672,869.0,109.0
2020-10-18,4673,225.0,30.0
2020-10-19,4674,4949.0,250.0
2020-10-20,4675,6477.0,528.0
2020-10-21,4676,9749.0,638.0
2020-10-22,4677,7019.0,691.0
2020-10-23,4678,2563.0,277.0
2020-10-24,4679,4486.0,321.0
2020-10-25,4680,4632.0,410.0
2020-10-26,4681,2817.0,382.0
2020-10-27,4682,19505.0,1517.0
2020-10-28,4683,10647.0,1138.0
2020-10-29,4684,223.0,24.0
2020-10-30,4685,541.0,33.0
2020-10-31,4686,28.0,1.0
2020-11-01,4687,87.0,17.0
2020-11-02,4688,97.0,12.0
2020-11-03,4689,804.0,121.0
2020-11-04,4690,16466.0,979.0
2020-11-05,4691,21267.0,1029.0
2020-11-06,4692,10981.0,955.0
2020-11-07,4693,3601.0,454.0
2020-11-08,4694,5953.0,288.0
2020-11-09,4695,135.0,16.0
2020-11-10,4696,702.0,111.0
2020-11-11,4697,3035.0,259.0
2020-11-12,4698,263.0,47.0
2020-11-13,4699,170.0,19.0
2020-11-14,4700,1070.0,149.0
2020-11-15,4701,2119.0,203.0
2020-11-16,4702,1766.0,257.0
2020-11-17,4703,16639.0,1273.0
2020-11-18,4704,5335.0,478.0
2020-11-19,4705,634.0,104.0
2020-11-20,4706,474.0,75.0
2020-11-21,4707,7071.0,776.0
2020-11-22,4708,11546.0,1055.0
2020-11-23,4709,2167.0,299.0
2020-11-24,4710,600.0,91.0
2020-11-25,4711,7028.0,572.0
2020-11-26,4712,5078.0,320.0
2020-11-27,4713,22260.0,1841.0
2020-11-28,4714,43131.0,2779.0
2020-11-29,4715,18459.0,1492.0
2020-11-30,4716,6072.0,658.0
2020-12-01,4717,1138.0,159.0
2020-12-02,4718,8080.0,1105.0
2020-12-03,4719,22673.0,2342.0
2020-12-04,4720,5642.0,857.0
2020-12-05,4721,10033.0,1069.0
2020-12-06,4722,19258.0,2366.0
2020-12-07,4723,8504.0,1256.0
2020-12-08,4724,6301.0,1003.0
2020-12-09,4725,8587.0,1294.0
2020-12-10,4726,4769.0,783.0
2020-12-11,4727,1527.0,238.0
2020-12-12,4728,2892.0,336.0
2020-12-13,4729,1696.0,278.0
2020-12-14,4730,181.0,34.0
2020-12-15,4731,66.0,9.0
2020-12-16,4732,107.0,16.0
2020-12-17,4733,35.0,2.0
2020-12-18,4734,47.0,6.0
2020-12-19,4735,537.0,98.0
2020-12-20,4736,6983.0,679.0
2020-12-21,4737,592.0,85.0
2020-12-22,4738,304.0,48.0
2020-12-23,4739,26.0,0.0
2020-12-24,4740,26.0,3.0
2020-12-25,4741,1125.0,177.0
2020-12-26,4742,1772.0,320.0
2020-12-27,4743,3946.0,779.0
2020-12-28,4744,5355.0,975.0
2020-12-29,4745,3637.0,569.0
2020-12-30,4746,9224.0,1098.0
2020-12-31,4747,2775.0,459.0
2021-01-01,4748,6872.0,1069.0
2021-01-02,4749,8926.0,1230.0
2021-01-03,4750,12596.0,1612.0
2021-01-04,4751,15159.0,1434.0
2021-01-05,4752,3410.0,544.0
2021-01-06,4753,1184.0,201.0
2021-01-07,4754,281.0,39.0
2021-01-08,4755,925.0,173.0
2021-01-09,4756,2068.0,375.0
2021-01-10,4757,4881.0,693.0
2021-01-11,4758,2418.0,398.0
2021-01-12,4759,6587.0,699.0
2021-01-13,4760,1320.0,232.0
2021-01-14,4761,280.0,47.0
2021-01-15,4762,530.0,59.0
2021-01-16,4763,875.0,130.0
2021-01-17,4764,257.0,38.0
2021-01-18,4765,507.0,85.0
2021-01-19,4766,41.0,6.0
2021-01-20,4767,127.0,26.0
2021-01-21,4768,1657.0,253.0
2021-01-22,4769,8265.0,852.0
2021-01-23,4770,8195.0,1206.0
2021-01-24,4771,1416.0,197.0
2021-01-25,4772,1409.0,214.0
2021-01-26,4773,1463.0,234.0
2021-01-27,4774,476.0,88.0
2021-01-28,4775,45.0,7.0
2021-01-29,4776,620.0,120.0
2021-01-30,4777,2193.0,339.0
2021-01-31,4778,2549.0,396.0
2021-02-01,4779,2541.0,286.0
2021-02-02,4780,1532.0,128.0
2021-02-03,4781,742.0,126.0
2021-02-04,4782,296.0,59.0
2021-02-05,4783,1495.0,220.0
2021-02-06,4784,2041.0,197.0
2021-02-07,4785,5559.0,553.0
2021-02-08,4786,10987.0,724.0
2021-02-09,4787,7420.0,797.0
2021-02-10,4788,4861.0,590.0
2021-02-11,4789,3153.0,305.0
2021-02-12,4790,266.0,50.0
2021-02-13,4791,1272.0,167.0
2021-02-14,4792,110.0,15.0
2021-02-15,4793,229.0,28.0
2021-02-16,4794,320.0,61.0
2021-02-17,4795,104.0,14.0
2021-02-18,4796,83.0,10.0
2021-02-19,4797,42.0,3.0
2021-02-20,4798,57.0,9.0
2021-02-21,4799,1317.0,155.0
2021-02-22,4800,573.0,75.0
2021-02-23,4801,49.0,4.0
2021-02-24,4802,24.0,1.0
2021-02-25,4803,67.0,13.0
2021-02-26,4804,68.0,12.0
2021-02-27,4805,239.0,33.0
2021-02-28,4806,1356.0,139.0
2021-03-01,4807,1055.0,168.0
2021-03-02,4808,162.0,22.0
2021-03-03,4809,280.0,32.0
2021-03-04,4810,4487.0,468.0
2021-03-05,4811,890.0,153.0
2021-03-06,4812,3223.0,278.0
2021-03-07,4813,5321.0,493.0
2021-03-08,4814,4273.0,510.0
2021-03-09,4815,2516.0,339.0
2021-03-10,4816,1661.0,183.0
2021-03-11,4817,1242.0,228.0
2021-03-12,4818,1765.0,323.0
2021-03-13,4819,2605.0,437.0
2021-03-14,4820,2453.0,365.0
2021-03-15,4821,3523.0,524.0
2021-03-16,4822,1966.0,336.0
2021-03-17,4823,1002.0,166.0
2021-03-18,4824,1352.0,198.0
2021-03-19,4825,769.0,139.0
2021-03-20,4826,1077.0,171.0
2021-03-21,4827,2133.0,264.0
2021-03-22,4828,1554.0,264.0
2021-03-23,4829,2389.0,357.0
2021-03-24,4830,430.0,89.0
2021-03-25,4831,85.0,11.0
2021-03-26,4832,531.0,88.0
2021-03-27,4833,2160.0,291.0
2021-03-28,4834,43.0,3.0
2021-03-29,4835,854.0,98.0
2021-03-30,4836,802.0,103.0
2021-03-31,4837,3529.0,407.0
2021-04-01,4838,13833.0,965.0
2021-04-02,4839,8782.0,834.0
2021-04-03,4840,12413.0,1134.0
2021-04-04,4841,2623.0,275.0
2021-04-05,4842,947.0,170.0
2021-04-06,4843,1446.0,260.0
2021-04-07,4844,490.0,85.0
2021-04-08,4845,978.0,130.0
2021-04-09,4846,3816.0,405.0
2021-04-10,4847,9585.0,972.0
2021-04-11,4848,4634.0,468.0
2021-04-12,4849,667.0,105.0
2021-04-13,4850,3830.0,252.0
2021-04-14,4851,1666.0,258.0
2021-04-15,4852,1199.0,163.0
2021-04-16,4853,2473.0,299.0
2021-04-17,4854,1753.0,240.0
2021-04-18,4855,8140.0,919.0
2021-04-19,4856,13533.0,1213.0
2021-04-20,4857,7538.0,973.0
2021-04-21,4858,5238.0,770.0
2021-04-22,4859,7954.0,889.0
2021-04-23,4860,448.0,60.0
2021-04-24,4861,3445.0,411.0
2021-04-25,4862,9136.0,1077.0
2021-04-26,4863,8812.0,971.0
2021-04-27,4864,7521.0,671.0
2021-04-28,4865,9926.0,1009.0
2021-04-29,4866,8298.0,724.0
2021-04-30,4867,7894.0,503.0
2021-05-01,4868,3699.0,423.0
2021-05-02,4869,12227.0,986.0
2021-05-03,4870,5262.0,526.0
2021-05-04,4871,6074.0,551.0
2021-05-05,4872,6761.0,822.0
2021-05-06,4873,1764.0,170.0
2021-05-07,4874,8120.0,514.0
2021-05-08,4875,1392.0,199.0
2021-05-09,4876,44405.0,2456.0
2021-05-10,4877,16851.0,1803.0
2021-05-11,4878,18108.0,1519.0
2021-05-12,4879,39218.0,1764.0
2021-05-13,4880,43281.0,2216.0
2021-05-14,4881,31949.0,2191.0
2021-05-15,4882,20861.0,1619.0
2021-05-16,4883,23102.0,2056.0
2021-05-17,4884,16314.0,1677.0
2021-05-18,4885,11352.0,1195.0
2021-05-19,4886,19484.0,1862.0
2021-05-20,4887,3916.0,469.0
2021-05-21,4888,13424.0,1093.0
2021-05-22,4889,12940.0,1211.0
2021-05-23,4890,12803.0,1262.0
2021-05-24,4891,10031.0,1029.0
2021-05-25,4892,19245.0,1380.0
2021-05-26,4893,20858.0,1230.0
2021-05-27,4894,58733.0,2617.0
2021-05-28,4895,23562.0,1127.0
2021-05-29,4896,13276.0,1065.0
2021-05-30,4897,18099.0,1096.0
2021-05-31,4898,30559.0,2050.0
2021-06-01,4899,53510.0,3052.0
2021-06-02,4900,26276.0,1720.0
2021-06-03,4901,62405.0,3673.0
2021-06-04,4902,91311.0,3718.0
2021-06-05,4903,103050.0,5185.0
2021-06-06,4904,46240.0,2942.0
2021-06-07,4905,35614.0,2254.0
2021-06-08,4906,47663.0,2801.0
2021-06-09,4907,62666.0,3908.0
2021-06-10,4908,76557.0,4657.0
2021-06-11,4909,87664.0,5522.0
2021-06-12,4910,46309.0,3744.0
2021-06-13,4911,18229.0,1738.0
2021-06-14,4912,33368.0,2140.0
2021-06-15,4913,20053.0,1696.0
2021-06-16,4914,52916.0,3137.0
2021-06-17,4915,107394.0,4499.0
2021-06-18,4916,110768.0,3480.0
2021-06-19,4917,120242.0,4373.0
2021-06-20,4918,136367.0,4873.0
2021-06-21,4919,115212.0,4472.0
2021-06-22,4920,100030.0,3671.0
2021-06-23,4921,107257.0,3601.0
2021-06-24,4922,149749.0,4115.0
2021-06-25,4923,86784.0,3790.0
2021-06-26,4924,46861.0,2747.0
2021-06-27,4925,20883.0,1558.0
2021-06-28,4926,65065.0,2191.0
2021-06-29,4927,81759.0,3127.0
2021-06-30,4928,99478.0,3409.0
2021-07-01,4929,75246.0,2779.0
2021-07-02,4930,20280.0,1390.0
2021-07-03,4931,17313.0,1067.0
2021-07-04,4932,35436.0,2478.0
2021-07-05,4933,29949.0,1721.0
2021-07-06,4934,25215.0,1518.0
2021-07-07,4935,23805.0,1340.0
2021-07-08,4936,137323.0,4248.0
2021-07-09,4937,197198.0,4294.0
2021-07-10,4938,60562.0,2326.0
2021-07-11,4939,81578.0,3189.0
2021-07-12,4940,62504.0,2630.0
2021-07-13,4941,101750.0,3996.0
2021-07-14,4942,151852.0,3824.0
2021-07-15,4943,140961.0,3473.0
2021-07-16,4944,106767.0,4600.0
2021-07-17,4945,133043.0,4859.0
2021-07-18,4946,139843.0,5087.0
2021-07-19,4947,95726.0,3176.0
2021-07-20,4948,19434.0,963.0
2021-07-21,4949,4579.0,406.0
2021-07-22,4950,14232.0,861.0
2021-07-23,4951,74683.0,2779.0
2021-07-24,4952,84180.0,3270.0
2021-07-25,4953,104225.0,3429.0
2021-07-26,4954,163428.0,6025.0
2021-07-27,4955,87971.0,4196.0
2021-07-28,4956,82387.0,3485.0
2021-07-29,4957,24854.0,2040.0
2021-07-30,4958,61389.0,2998.0
2021-07-31,4959,119059.0,4998.0
2021-08-01,4960,118046.0,4710.0
2021-08-02,4961,12193.0,1391.0
2021-08-03,4962,20995.0,1772.0
2021-08-04,4963,15944.0,1217.0
2021-08-05,4964,78971.0,2844.0
2021-08-06,4965,29024.0,1638.0
2021-08-07,4966,34744.0,2366.0
2021-08-08,4967,40216.0,2340.0
2021-08-09,4968,28724.0,2074.0
2021-08-10,4969,39935.0,2903.0
2021-08-11,4970,46917.0,2871.0
2021-08-12,4971,40704.0,971.0
2021-08-13,4972,15490.0,954.0
2021-08-14,4973,13640.0,1184.0
2021-08-15,4974,111145.0,2750.0
2021-08-16,4975,92086.0,4260.0
2021-08-17,4976,40608.0,2382.0
2021-08-18,4977,13445.0,727.0
2021-08-19,4978,15556.0,1044.0
2021-08-20,4979,16760.0,1113.0
2021-08-21,4980,14400.0,986.0
2021-08-22,4981,17130.0,1572.0
2021-08-23,4982,28430.0,1405.0
2021-08-24,4983,41040.0,2601.0
2021-08-25,4984,46332.0,2773.0
2021-08-26,4985,72875.0,2169.0
2021-08-27,4986,24053.0,833.0
2021-08-28,4987,61930.0,1944.0
2021-08-29,4988,39377.0,1740.0
2021-08-30,4989,59475.0,1619.0
2021-08-31,4990,33650.0,2588.0
2021-09-01,4991,84594.0,4029.0
2021-09-02,4992,38911.0,1937.0
2021-09-03,4993,51964.0,1883.0
2021-09-04,4994,39964.0,1688.0
2021-09-05,4995,27475.0,1150.0
2021-09-06,4996,50963.0,1610.0
2021-09-07,4997,60018.0,1897.0
2021-09-08,4998,61921.0,2570.0
2021-09-09,4999,58434.0,2813.0
2021-09-10,5000,133377.0,4061.0
2021-09-11,5001,133790.0,3086.0
2021-09-12,5002,44016.0,1844.0
2021-09-13,5003,25805.0,1554.0
2021-09-14,5004,57724.0,2029.0
2021-09-15,5005,27629.0,2272.0
2021-09-16,5006,22488.0,1730.0
2021-09-17,5007,59013.0,2459.0
2021-09-18,5008,45457.0,2304.0
2021-09-19,5009,46935.0,1417.0
2021-09-20,5010,10864.0,902.0
2021-09-21,5011,36125.0,2485.0
2021-09-22,5012,41064.0,1992.0
2021-09-23,5013,16172.0,1196.0
2021-09-24,5014,8636.0,832.0
2021-09-25,5015,36199.0,1592.0
2021-09-26,5016,132493.0,2637.0
2021-09-27,5017,45719.0,992.0
2021-09-28,5018,4951.0,413.0
2021-09-29,5019,7803.0,777.0
2021-09-30,5020,14354.0,655.0
2021-10-01,5021,15075.0,808.0
2021-10-02,5022,59187.0,2393.0
2021-10-03,5023,16881.0,1031.0
2021-10-04,5024,126758.0,2171.0
2021-10-05,5025,196855.0,3560.0
2021-10-06,5026,72352.0,2302.0
2021-10-07,5027,40253.0,2008.0
2021-10-08,5028,12297.0,848.0
2021-10-09,5029,3455.0,390.0
2021-10-10,5030,37429.0,2149.0
2021-10-11,5031,23293.0,1164.0
2021-10-12,5032,4348.0,339.0
2021-10-13,5033,17205.0,1359.0
2021-10-14,5034,52608.0,3189.0
2021-10-15,5035,19636.0,998.0
2021-10-16,5036,1730.0,196.0
2021-10-17,5037,12593.0,892.0
2021-10-18,5038,3008.0,279.0
2021-10-19,5039,220.0,43.0
2021-10-20,5040,3327.0,519.0
2021-10-21,5041,2142.0,275.0
2021-10-22,5042,26800.0,1224.0
2021-10-23,5043,30819.0,1515.0
2021-10-24,5044,50626.0,1874.0
2021-10-25,5045,19511.0,1131.0
2021-10-26,5046,3617.0,355.0
2021-10-27,5047,18209.0,884.0
2021-10-28,5048,9935.0,736.0
2021-10-29,5049,19821.0,945.0
2021-10-30,5050,1822.0,216.0
2021-10-31,5051,303.0,49.0
2021-11-01,5052,678.0,109.0
2021-11-02,5053,924.0,135.0
2021-11-03,5054,6764.0,823.0
2021-11-04,5055,17244.0,1614.0
2021-11-05,5056,11712.0,1368.0
2021-11-06,5057,20370.0,2134.0
2021-11-07,5058,7152.0,696.0
2021-11-08,5059,9645.0,854.0
2021-11-09,5060,10007.0,1110.0
2021-11-10,5061,30033.0,1435.0
2021-11-11,5062,28284.0,1299.0
2021-11-12,5063,4148.0,466.0
2021-11-13,5064,10582.0,952.0
2021-11-14,5065,34220.0,2191.0
2021-11-15,5066,44217.0,2156.0
2021-11-16,5067,40196.0,2330.0
2021-11-17,5068,35387.0,1866.0
2021-11-18,5069,19606.0,919.0
2021-11-19,5070,10959.0,881.0
2021-11-20,5071,8876.0,859.0
2021-11-21,5072,5285.0,733.0
2021-11-22,5073,29615.0,3043.0
2021-11-23,5074,35277.0,2174.0
2021-11-24,5075,11475.0,1185.0
2021-11-25,5076,59073.0,3071.0
2021-11-26,5077,35543.0,2662.0
2021-11-27,5078,16361.0,1699.0
2021-11-28,5079,6843.0,1092.0
2021-11-29,5080,11899.0,1688.0
2021-11-30,5081,1312.0,229.0
2021-12-01,5082,103.0,16.0
2021-12-02,5083,3350.0,594.0
2021-12-03,5084,15820.0,1616.0
2021-12-04,5085,2229.0,325.0
2021-12-05,5086,9267.0,1289.0
2021-12-06,5087,7738.0,1191.0
2021-12-07,5088,6563.0,968.0
2021-12-08,5089,1847.0,338.0
2021-12-09,5090,6208.0,809.0
2021-12-10,5091,3810.0,604.0
2021-12-11,5092,2404.0,399.0
2021-12-12,5093,2307.0,341.0
2021-12-13,5094,415.0,58.0
2021-12-14,5095,1551.0,142.0
2021-12-15,5096,849.0,125.0
2021-12-16,5097,160.0,25.0
2021-12-17,5098,5908.0,632.0
2021-12-18,5099,4582.0,688.0
2021-12-19,5100,1471.0,231.0
2021-12-20,5101,1106.0,143.0
2021-12-21,5102,657.0,116.0
2021-12-22,5103,722.0,64.0
2021-12-23,5104,91.0,13.0
2021-12-24,5105,1622.0,197.0
2021-12-25,5106,53.0,6.0
2021-12-26,5107,802.0,123.0
2021-12-27,5108,2170.0,262.0
2021-12-28,5109,5037.0,570.0
2021-12-29,5110,293.0,35.0
2021-12-30,5111,5407.0,433.0
2021-12-31,5112,130.0,16.0
2022-01-01,5113,107.0,22.0
2022-01-02,5114,524.0,92.0
2022-01-03,5115,328.0,51.0
2022-01-04,5116,90.0,12.0
2022-01-05,5117,2257.0,279.0
2022-01-06,5118,774.0,118.0
2022-01-07,5119,10585.0,1098.0
2022-01-08,5120,11002.0,930.0
2022-01-09,5121,4269.0,586.0
2022-01-10,5122,2341.0,378.0
2022-01-11,5123,2241.0,336.0
2022-01-12,5124,126.0,20.0
2022-01-13,5125,145.0,32.0
2022-01-14,5126,68.0,7.0
2022-01-15,5127,22.0,0.0
2022-01-16,5128,29.0,1.0
2022-01-17,5129,4273.0,415.0
2022-01-18,5130,22.0,0.0
2022-01-19,5131,17.0,0.0
2022-01-20,5132,1017.0,202.0
2022-01-21,5133,161.0,14.0
2022-01-22,5134,168.0,26.0
2022-01-23,5135,137.0,21.0
2022-01-24,5136,980.0,157.0
2022-01-25,5137,562.0,101.0
2022-01-26,5138,286.0,42.0
2022-01-27,5139,600.0,86.0
2022-01-28,5140,415.0,81.0
2022-01-29,5141,3763.0,378.0
2022-01-30,5142,144.0,31.0
2022-01-31,5143,464.0,87.0
2022-02-01,5144,2744.0,490.0
2022-02-02,5145,1739.0,261.0
2022-02-03,5146,212.0,30.0
2022-02-04,5147,140.0,21.0
2022-02-05,5148,115.0,20.0
2022-02-06,5149,1024.0,183.0
2022-02-07,5150,1840.0,264.0
2022-02-08,5151,197.0,34.0
2022-02-09,5152,110.0,19.0
2022-02-10,5153,57.0,6.0
2022-02-11,5154,27.0,3.0
2022-02-12,5155,87.0,14.0
2022-02-13,5156,49.0,8.0
2022-02-14,5157,1724.0,268.0
2022-02-15,5158,2980.0,470.0
2022-02-16,5159,10389.0,982.0
2022-02-17,5160,5765.0,656.0
2022-02-18,5161,210.0,36.0
2022-02-19,5162,280.0,57.0
2022-02-20,5163,251.0,51.0
2022-02-21,5164,2799.0,406.0
2022-02-22,5165,2856.0,423.0
2022-02-23,5166,904.0,153.0
2022-02-24,5167,880.0,130.0
2022-02-25,5168,1695.0,289.0
2022-02-26,5169,3066.0,433.0
2022-02-27,5170,1268.0,160.0
2022-02-28,5171,79.0,11.0
2022-03-01,5172,556.0,110.0
2022-03-02,5173,603.0,95.0
2022-03-03,5174,102.0,17.0
2022-03-04,5175,1135.0,199.0
2022-03-05,5176,3138.0,431.0
2022-03-06,5177,1284.0,165.0
2022-03-07,5178,3161.0,397.0
2022-03-08,5179,1172.0,203.0
2022-03-09,5180,1321.0,257.0
2022-03-10,5181,735.0,122.0
2022-03-11,5182,481.0,59.0
2022-03-12,5183,634.0,97.0
2022-03-13,5184,753.0,110.0
2022-03-14,5185,803.0,98.0
2022-03-15,5186,91.0,12.0
2022-03-16,5187,195.0,33.0
2022-03-17,5188,4677.0,506.0
2022-03-18,5189,4500.0,483.0
2022-03-19,5190,3860.0,192.0
2022-03-20,5191,3370.0,450.0
2022-03-21,5192,2425.0,324.0
2022-03-22,5193,1855.0,346.0
2022-03-23,5194,3387.0,348.0
2022-03-24,5195,165.0,25.0
2022-03-25,5196,3112.0,240.0
2022-03-26,5197,1305.0,136.0
2022-03-27,5198,194.0,35.0
2022-03-28,5199,285.0,31.0
2022-03-29,5200,3733.0,477.0
2022-03-30,5201,4372.0,577.0
2022-03-31,5202,10942.0,1430.0
2022-04-01,5203,40538.0,2663.0
2022-04-02,5204,8803.0,1314.0
2022-04-03,5205,651.0,116.0
2022-04-04,5206,359.0,59.0
2022-04-05,5207,421.0,71.0
2022-04-06,5208,824.0,136.0
2022-04-07,5209,3384.0,524.0
2022-04-08,5210,2413.0,336.0
2022-04-09,5211,7666.0,821.0
2022-04-10,5212,4373.0,355.0
2022-04-11,5213,1143.0,137.0
2022-04-12,5214,2336.0,350.0
2022-04-13,5215,2656.0,316.0
2022-04-14,5216,1340.0,186.0
2022-04-15,5217,2025.0,207.0
2022-04-16,5218,3256.0,309.0
2022-04-17,5219,4122.0,307.0
2022-04-18,5220,4146.0,457.0
2022-04-19,5221,4414.0,493.0
2022-04-20,5222,13159.0,682.0
2022-04-21,5223,2318.0,245.0
2022-04-22,5224,17817.0,929.0
2022-04-23,5225,5418.0,750.0
2022-04-24,5226,20364.0,1571.0
2022-04-25,5227,13527.0,892.0
2022-04-26,5228,8625.0,832.0
2022-04-27,5229,14018.0,1430.0
2022-04-28,5230,7002.0,657.0
2022-04-29,5231,2010.0,176.0
2022-04-30,5232,5240.0,519.0
2022-05-01,5233,9003.0,688.0
2022-05-02,5234,20388.0,1809.0
2022-05-03,5235,23307.0,2163.0
2022-05-04,5236,23281.0,2202.0
2022-05-05,5237,17895.0,1480.0
2022-05-06,5238,5510.0,567.0
2022-05-07,5239,8201.0,775.0
2022-05-08,5240,13279.0,986.0
2022-05-09,5241,14644.0,1309.0
2022-05-10,5242,22926.0,1415.0
2022-05-11,5243,2815.0,278.0
2022-05-12,5244,7062.0,774.0
2022-05-13,5245,16595.0,1173.0
2022-05-14,5246,47214.0,2566.0
2022-05-15,5247,36368.0,2221.0
2022-05-16,5248,42794.0,2390.0
2022-05-17,5249,60412.0,2313.0
2022-05-18,5250,23540.0,1332.0
2022-05-19,5251,69001.0,2420.0
2022-05-20,5252,63480.0,2599.0
2022-05-21,5253,6483.0,742.0
2022-05-22,5254,33592.0,1794.0
2022-05-23,5255,44206.0,2348.0
2022-05-24,5256,37661.0,2112.0
2022-05-25,5257,50636.0,2593.0
2022-05-26,5258,11669.0,965.0
2022-05-27,5259,30040.0,1521.0
2022-05-28,5260,72423.0,3400.0
2022-05-29,5261,64612.0,2682.0
2022-05-30,5262,14151.0,1125.0
2022-05-31,5263,28945.0,1824.0
2022-06-01,5264,23892.0,2389.0
2022-06-02,5265,27750.0,2005.0
2022-06-03,5266,38710.0,2751.0
2022-06-04,5267,52125.0,3544.0
2022-06-05,5268,58924.0,2744.0
2022-06-06,5269,53244.0,2285.0
2022-06-07,5270,37419.0,1930.0
2022-06-08,5271,80198.0,3273.0
2022-06-09,5272,128801.0,5144.0
2022-06-10,5273,82912.0,3248.0
2022-06-11,5274,23111.0,1641.0
2022-06-12,5275,14801.0,1503.0
2022-06-13,5276,30950.0,2537.0
2022-06-14,5277,16903.0,1398.0
2022-06-15,5278,27271.0,2443.0
2022-06-16,5279,43094.0,2669.0
2022-06-17,5280,29178.0,1911.0
2022-06-18,5281,18566.0,1931.0
2022-06-19,5282,36349.0,2705.0
2022-06-20,5283,62967.0,3728.0
2022-06-21,5284,40125.0,2438.0
2022-06-22,5285,50116.0,2350.0
2022-06-23,5286,54428.0,2629.0
2022-06-24,5287,41707.0,2629.0
2022-06-25,5288,45322.0,2207.0
2022-06-26,5289,30670.0,1765.0
2022-06-27,5290,47672.0,2388.0
2022-06-28,5291,89626.0,3706.0
2022-06-29,5292,78900.0,2855.0
2022-06-30,5293,59316.0,3236.0
2022-07-01,5294,117212.0,5141.0
2022-07-02,5295,55048.0,2779.0
2022-07-03,5296,23793.0,2520.0
2022-07-04,5297,56399.0,3060.0
2022-07-05,5298,69847.0,3637.0
2022-07-06,5299,39379.0,2910.0
2022-07-07,5300,26697.0,1734.0
2022-07-08,5301,61694.0,2611.0
2022-07-09,5302,5937.0,592.0
2022-07-10,5303,11857.0,1256.0
2022-07-11,5304,8558.0,1074.0
2022-07-12,5305,4179.0,439.0
2022-07-13,5306,5069.0,484.0
2022-07-14,5307,13736.0,1087.0
2022-07-15,5308,4251.0,468.0
2022-07-16,5309,9506.0,1088.0
2022-07-17,5310,8918.0,453.0
2022-07-18,5311,15949.0,941.0
2022-07-19,5312,19262.0,1585.0
2022-07-20,5313,56778.0,2272.0
2022-07-21,5314,19696.0,928.0
2022-07-22,5315,36749.0,2303.0
2022-07-23,5316,51944.0,2574.0
2022-07-24,5317,27805.0,1165.0
2022-07-25,5318,33601.0,2183.0
2022-07-26,5319,24851.0,1549.0
2022-07-27,5320,74906.0,2607.0
2022-07-28,5321,44214.0,1986.0
2022-07-29,5322,37296.0,2504.0
2022-07-30,5323,83912.0,3880.0
2022-07-31,5324,10475.0,628.0
2022-08-01,5325,12487.0,921.0
2022-08-02,5326,13124.0,1216.0
2022-08-03,5327,16414.0,1057.0
2022-08-04,5328,38289.0,1860.0
2022-08-05,5329,42257.0,2503.0
2022-08-06,5330,24451.0,1586.0
2022-08-07,5331,41407.0,1879.0
2022-08-08,5332,83178.0,3120.0
2022-08-09,5333,92271.0,3197.0
2022-08-10,5334,63308.0,3142.0
2022-08-11,5335,64242.0,2637.0
2022-08-12,5336,167793.0,5594.0
2022-08-13,5337,98694.0,4718.0
2022-08-14,5338,171876.0,5168.0
2022-08-15,5339,120983.0,6555.0
2022-08-16,5340,128807.0,6175.0
2022-08-17,5341,122286.0,4452.0
2022-08-18,5342,122391.0,4521.0
2022-08-19,5343,88505.0,4598.0
2022-08-20,5344,159517.0,4542.0
2022-08-21,5345,56843.0,2553.0
2022-08-22,5346,115181.0,4021.0
2022-08-23,5347,146362.0,4898.0
2022-08-24,5348,125816.0,4752.0
2022-08-25,5349,59310.0,3392.0
2022-08-26,5350,98869.0,4940.0
2022-08-27,5351,120281.0,5269.0
2022-08-28,5352,150928.0,5158.0
2022-08-29,5353,131398.0,6143.0
2022-08-30,5354,89683.0,4077.0
2022-08-31,5355,69800.0,3866.0
2022-09-01,5356,68805.0,2934.0
2022-09-02,5357,105916.0,3404.0
2022-09-03,5358,85004.0,2859.0
2022-09-04,5359,108607.0,1922.0
2022-09-05,5360,35001.0,2169.0
2022-09-06,5361,71216.0,3199.0
2022-09-07,5362,84682.0,3764.0
2022-09-08,5363,150568.0,4767.0
2022-09-09,5364,80161.0,3521.0
2022-09-10,5365,35564.0,2224.0
2022-09-11,5366,11370.0,958.0
2022-09-12,5367,12216.0,876.0
2022-09-13,5368,37192.0,2532.0
2022-09-14,5369,63643.0,2913.0
2022-09-15,5370,83062.0,3394.0
2022-09-16,5371,84424.0,3967.0
2022-09-17,5372,73611.0,2889.0
2022-09-18,5373,7846.0,707.0
2022-09-19,5374,16289.0,1816.0
2022-09-20,5375,24867.0,1474.0
2022-09-21,5376,18471.0,1610.0
2022-09-22,5377,26007.0,1885.0
2022-09-23,5378,16063.0,913.0
2022-09-24,5379,45250.0,1952.0
2022-09-25,5380,83440.0,2765.0
2022-09-26,5381,14376.0,1548.0
2022-09-27,5382,31415.0,1856.0
2022-09-28,5383,5173.0,593.0
2022-09-29,5384,79548.0,3819.0
2022-09-30,5385,34066.0,1938.0
2022-10-01,5386,19370.0,1680.0
2022-10-02,5387,1482.0,250.0
2022-10-03,5388,4725.0,461.0
2022-10-04,5389,11282.0,537.0
2022-10-05,5390,6372.0,480.0
2022-10-06,5391,14028.0,951.0
2022-10-07,5392,15996.0,1003.0
2022-10-08,5393,27376.0,1320.0
2022-10-09,5394,67500.0,1906.0
2022-10-10,5395,88572.0,3302.0
2022-10-11,5396,40058.0,2028.0
2022-10-12,5397,35453.0,1358.0
2022-10-13,5398,53426.0,1476.0
2022-10-14,5399,46434.0,1136.0
2022-10-15,5400,8326.0,552.0
2022-10-16,5401,5568.0,664.0
2022-10-17,5402,5811.0,580.0
2022-10-18,5403,2000.0,282.0
2022-10-19,5404,10241.0,1440.0
2022-10-20,5405,14040.0,697.0
2022-10-21,5406,4839.0,597.0
2022-10-22,5407,2025.0,296.0
2022-10-23,5408,25792.0,1247.0
2022-10-24,5409,9256.0,814.0
2022-10-25,5410,2207.0,346.0
2022-10-26,5411,3122.0,167.0
2022-10-27,5412,909.0,96.0
2022-10-28,5413,3480.0,305.0
2022-10-29,5414,5277.0,470.0
2022-10-30,5415,1738.0,211.0
2022-10-31,5416,0.0,0.0
2022-11-01,5417,20898.0,796.0
2022-11-02,5418,2543.0,288.0
2022-11-03,5419,9494.0,607.0
2022-11-04,5420,52640.0,3044.0
2022-11-05,5421,51806.0,3659.0
2022-11-06,5422,18641.0,1686.0
2022-11-07,5423,635.0,88.0
2022-11-08,5424,780.0,136.0
2022-11-09,5425,4554.0,418.0
2022-11-10,5426,32824.0,913.0
2022-11-11,5427,30068.0,981.0
2022-11-12,5428,0.0,0.0
2022-11-13,5429,18172.0,1650.0
2022-11-14,5430,30713.0,1929.0
2022-11-15,5431,9654.0,981.0
2022-11-16,5432,11288.0,1065.0
2022-11-17,5433,5649.0,596.0
2022-11-18,5434,8160.0,747.0
2022-11-19,5435,17413.0,1697.0
2022-11-20,5436,54879.0,2890.0
2022-11-21,5437,8432.0,1151.0
2022-11-22,5438,6336.0,1070.0
2022-11-23,5439,5203.0,794.0
2022-11-24,5440,863.0,160.0
2022-11-25,5441,3331.0,382.0
2022-11-26,5442,32509.0,1439.0
2022-11-27,5443,519.0,89.0
2022-11-28,5444,13841.0,898.0
2022-11-29,5445,7753.0,782.0
2022-11-30,5446,6407.0,815.0
2022-12-01,5447,2896.0,414.0
2022-12-02,5448,6521.0,816.0
2022-12-03,5449,36013.0,2421.0
2022-12-04,5450,23657.0,1780.0
2022-12-05,5451,3198.0,439.0
2022-12-06,5452,1844.0,220.0
2022-12-07,5453,16736.0,947.0
2022-12-08,5454,8980.0,689.0
2022-12-09,5455,5642.0,673.0
2022-12-10,5456,3355.0,561.0
2022-12-11,5457,11530.0,1128.0
2022-12-12,5458,639.0,85.0
2022-12-13,5459,1406.0,194.0
2022-12-14,5460,7467.0,820.0
2022-12-15,5461,1891.0,354.0
2022-12-16,5462,10253.0,1201.0
2022-12-17,5463,9746.0,721.0
2022-12-18,5464,31.0,5.0
2022-12-19,5465,87.0,13.0
2022-12-20,5466,304.0,50.0
2022-12-21,5467,82.0,12.0
2022-12-22,5468,51.0,6.0
2022-12-23,5469,35.0,4.0
2022-12-24,5470,812.0,150.0
2022-12-25,5471,130.0,17.0
2022-12-26,5472,809.0,106.0
2022-12-27,5473,39.0,7.0
2022-12-28,5474,8.0,0.0
2022-12-29,5475,39.0,8.0
2022-12-30,5476,51.0,8.0
2022-12-31,5477,318.0,66.0
2023-01-01,5478,3195.0,438.0
2023-01-02,5479,321.0,41.0
2023-01-03,5480,7.0,0.0
2023-01-04,5481,302.0,40.0
2023-01-05,5482,180.0,31.0
2023-01-06,5483,14.0,2.0
2023-01-07,5484,505.0,86.0
2023-01-08,5485,504.0,94.0
2023-01-09,5486,2004.0,314.0
2023-01-10,5487,9695.0,1240.0
2023-01-11,5488,1282.0,231.0
2023-01-12,5489,518.0,94.0
2023-01-13,5490,396.0,68.0
2023-01-14,5491,9688.0,671.0
2023-01-15,5492,1829.0,279.0
2023-01-16,5493,2824.0,370.0
2023-01-17,5494,3731.0,661.0
2023-01-18,5495,8065.0,1363.0
2023-01-19,5496,15707.0,1688.0
2023-01-20,5497,4953.0,646.0
2023-01-21,5498,4647.0,839.0
2023-01-22,5499,5466.0,819.0
2023-01-23,5500,3556.0,546.0
2023-01-24,5501,6489.0,1033.0
2023-01-25,5502,15162.0,1448.0
2023-01-26,5503,17902.0,1905.0
2023-01-27,5504,5518.0,807.0
2023-01-28,5505,5421.0,768.0
2023-01-29,5506,2821.0,449.0
2023-01-30,5507,1239.0,193.0
2023-01-31,5508,1239.0,219.0
2023-02-01,5509,1839.0,247.0
2023-02-02,5510,489.0,69.0
2023-02-03,5511,1775.0,186.0
2023-02-04,5512,2500.0,316.0
2023-02-05,5513,783.0,149.0
2023-02-06,5514,112.0,16.0
2023-02-07,5515,5129.0,571.0
2023-02-08,5516,4043.0,603.0
2023-02-09,5517,1325.0,246.0
2023-02-10,5518,1762.0,190.0
2023-02-11,5519,99.0,16.0
2023-02-12,5520,120.0,17.0
2023-02-13,5521,163.0,31.0
2023-02-14,5522,779.0,137.0
2023-02-15,5523,161.0,25.0
2023-02-16,5524,19.0,1.0
2023-02-17,5525,5.0,0.0
2023-02-18,5526,8.0,0.0
2023-02-19,5527,879.0,93.0
2023-02-20,5528,29.0,5.0
2023-02-21,5529,571.0,100.0
2023-02-22,5530,62.0,8.0
2023-02-23,5531,303.0,52.0
2023-02-24,5532,280.0,43.0
2023-02-25,5533,979.0,178.0
2023-02-26,5534,8570.0,1031.0
2023-02-27,5535,8824.0,729.0
2023-02-28,5536,4990.0,578.0
2023-03-01,5537,6884.0,574.0
2023-03-02,5538,7096.0,845.0
2023-03-03,5539,4166.0,697.0
2023-03-04,5540,4875.0,636.0
2023-03-05,5541,4003.0,565.0
2023-03-06,5542,952.0,167.0
2023-03-07,5543,5029.0,566.0
2023-03-08,5544,1310.0,254.0
2023-03-09,5545,5421.0,670.0
2023-03-10,5546,18372.0,1260.0
2023-03-11,5547,1978.0,142.0
2023-03-12,5548,3796.0,320.0
2023-03-13,5549,17198.0,1137.0
2023-03-14,5550,1008.0,160.0
2023-03-15,5551,5312.0,478.0
2023-03-16,5552,305.0,57.0
2023-03-17,5553,1109.0,128.0
2023-03-18,5554,933.0,147.0
2023-03-19,5555,1748.0,165.0
2023-03-20,5556,1251.0,118.0
2023-03-21,5557,199.0,33.0
2023-03-22,5558,240.0,48.0
2023-03-23,5559,389.0,58.0
2023-03-24,5560,1403.0,253.0
2023-03-25,5561,6969.0,717.0
2023-03-26,5562,1890.0,302.0
2023-03-27,5563,5809.0,836.0
2023-03-28,5564,955.0,161.0
2023-03-29,5565,106.0,15.0
2023-03-30,5566,9133.0,738.0
2023-03-31,5567,8681.0,995.0
2023-04-01,5568,3938.0,556.0
2023-04-02,5569,7399.0,931.0
2023-04-03,5570,4035.0,562.0
2023-04-04,5571,2086.0,336.0
2023-04-05,5572,5231.0,596.0
2023-04-06,5573,2730.0,354.0
2023-04-07,5574,2211.0,203.0
2023-04-08,5575,4378.0,468.0
2023-04-09,5576,0.0,0.0
2023-04-10,5577,8606.0,1067.0
2023-04-11,5578,2826.0,419.0
2023-04-12,5579,1326.0,228.0
2023-04-13,5580,2721.0,351.0
2023-04-14,5581,2516.0,429.0
2023-04-15,5582,5031.0,570.0
2023-04-16,5583,4487.0,588.0
2023-04-17,5584,3750.0,482.0
2023-04-18,5585,7479.0,589.0
2023-04-19,5586,4915.0,585.0
2023-04-20,5587,5328.0,477.0
2023-04-21,5588,8587.0,928.0
2023-04-22,5589,14578.0,985.0
2023-04-23,5590,8208.0,825.0
2023-04-24,5591,15615.0,1301.0
2023-04-25,5592,9250.0,1038.0
2023-04-26,5593,2868.0,251.0
2023-04-27,5594,191.0,25.0
2023-04-28,5595,5448.0,445.0
2023-04-29,5596,7057.0,776.0
2023-04-30,5597,5709.0,824.0
2023-05-01,5598,6479.0,719.0
2023-05-02,5599,9092.0,930.0
2023-05-03,5600,12380.0,961.0
2023-05-04,5601,3601.0,399.0
2023-05-05,5602,35221.0,1506.0
2023-05-06,5603,13425.0,1337.0
2023-05-07,5604,22306.0,1661.0
2023-05-08,5605,7952.0,817.0
2023-05-09,5606,8840.0,765.0
2023-05-10,5607,3408.0,384.0
2023-05-11,5608,18127.0,1339.0
2023-05-12,5609,31727.0,2230.0
2023-05-13,5610,21541.0,2017.0
2023-05-14,5611,6190.0,816.0
2023-05-15,5612,15026.0,1657.0
2023-05-16,5613,10980.0,1153.0
2023-05-17,5614,16339.0,1248.0
2023-05-18,5615,7333.0,759.0
2023-05-19,5616,8001.0,1176.0
2023-05-20,5617,8324.0,1132.0
2023-05-21,5618,21680.0,1786.0
2023-05-22,5619,60567.0,4383.0
2023-05-23,5620,68389.0,4580.0
2023-05-24,5621,52637.0,3691.0
2023-05-25,5622,41998.0,3792.0
2023-05-26,5623,49728.0,3610.0
2023-05-27,5624,41460.0,3534.0
2023-05-28,5625,44057.0,4183.0
2023-05-29,5626,42429.0,3700.0
2023-05-30,5627,72476.0,5370.0
2023-05-31,5628,70196.0,5184.0
2023-06-01,5629,65623.0,5175.0
2023-06-02,5630,84111.0,6184.0
2023-06-03,5631,76493.0,5760.0
2023-06-04,5632,49298.0,4076.0
2023-06-05,5633,42947.0,3951.0
2023-06-06,5634,28454.0,2202.0
2023-06-07,5635,22305.0,1860.0
2023-06-08,5636,70430.0,4825.0
2023-06-09,5637,53937.0,4158.0
2023-06-10,5638,49634.0,4234.0
2023-06-11,5639,64717.0,4910.0
2023-06-12,5640,73571.0,5504.0
2023-06-13,5641,68830.0,5105.0
2023-06-14,5642,81876.0,4229.0
2023-06-15,5643,31374.0,2373.0
2023-06-16,5644,29976.0,2140.0
2023-06-17,5645,41504.0,3447.0
2023-06-18,5646,55194.0,4146.0
2023-06-19,5647,33266.0,2219.0
2023-06-20,5648,87218.0,3678.0
2023-06-21,5649,110366.0,4324.0
2023-06-22,5650,143972.0,3681.0
2023-06-23,5651,189115.0,3931.0
2023-06-24,5652,87077.0,2755.0
2023-06-25,5653,46212.0,2931.0
2023-06-26,5654,64694.0,3028.0
2023-06-27,5655,38785.0,2882.0
2023-06-28,5656,14654.0,1171.0
2023-06-29,5657,62918.0,2958.0
2023-06-30,5658,83429.0,2908.0
2023-07-01,5659,103201.0,2984.0
2023-07-02,5660,33204.0,2438.0
2023-07-03,5661,44650.0,2511.0
2023-07-04,5662,58815.0,3324.0
2023-07-05,5663,113333.0,4858.0
2023-07-06,5664,58659.0,3118.0
2023-07-07,5665,35665.0,2205.0
2023-07-08,5666,16622.0,1317.0
2023-07-09,5667,85952.0,2537.0
2023-07-10,5668,33946.0,1582.0
2023-07-11,5669,88588.0,2766.0
2023-07-12,5670,116175.0,4989.0
2023-07-13,5671,102912.0,3650.0
2023-07-14,5672,9411.0,602.0
2023-07-15,5673,40401.0,2212.0
2023-07-16,5674,14815.0,984.0
2023-07-17,5675,94134.0,2849.0
2023-07-18,5676,46094.0,2056.0
2023-07-19,5677,96951.0,2737.0
2023-07-20,5678,28485.0,2158.0
2023-07-21,5679,152358.0,3920.0
2023-07-22,5680,71959.0,2356.0
2023-07-23,5681,5532.0,513.0
2023-07-24,5682,104954.0,4950.0
2023-07-25,5683,128648.0,4325.0
2023-07-26,5684,46505.0,2253.0
2023-07-27,5685,16262.0,881.0
2023-07-28,5686,16773.0,1497.0
2023-07-29,5687,59641.0,4062.0
2023-07-30,5688,75138.0,3228.0
2023-07-31,5689,12949.0,1016.0
2023-08-01,5690,17322.0,1276.0
2023-08-02,5691,5967.0,498.0
2023-08-03,5692,19919.0,1731.0
2023-08-04,5693,127427.0,4406.0
2023-08-05,5694,194161.0,6053.0
2023-08-06,5695,117870.0,4525.0
2023-08-07,5696,29430.0,1795.0
2023-08-08,5697,2622.0,421.0
2023-08-09,5698,5088.0,694.0
2023-08-10,5699,6020.0,806.0
2023-08-11,5700,1519.0,182.0
2023-08-12,5701,24377.0,1053.0
2023-08-13,5702,31156.0,1241.0
2023-08-14,5703,58754.0,2037.0
2023-08-15,5704,85132.0,3781.0
2023-08-16,5705,102038.0,3823.0
2023-08-17,5706,76088.0,3128.0
2023-08-18,5707,96706.0,3133.0
2023-08-19,5708,80570.0,2591.0
2023-08-20,5709,25622.0,832.0
2023-08-21,5710,22623.0,806.0
2023-08-22,5711,30019.0,1205.0
2023-08-23,5712,69476.0,2853.0
2023-08-24,5713,168633.0,5063.0
2023-08-25,5714,103750.0,4311.0
2023-08-26,5715,138610.0,4048.0
2023-08-27,5716,144228.0,4266.0
2023-08-28,5717,120209.0,3091.0
2023-08-29,5718,150515.0,5068.0
2023-08-30,5719,46698.0,2957.0
2023-08-31,5720,27594.0,1959.0
2023-09-01,5721,10999.0,790.0
2023-09-02,5722,42205.0,3800.0
2023-09-03,5723,0.0,0.0
2023-09-04,5724,46243.0,2023.0
2023-09-05,5725,62308.0,2080.0
2023-09-06,5726,61461.0,2767.0
2023-09-07,5727,59472.0,1841.0
2023-09-08,5728,16538.0,1287.0
2023-09-09,5729,10683.0,1141.0
2023-09-10,5730,20419.0,1374.0
2023-09-11,5731,42420.0,2210.0
2023-09-12,5732,71472.0,3782.0
2023-09-13,5733,48381.0,3020.0
2023-09-14,5734,36132.0,2718.0
2023-09-15,5735,47977.0,3339.0
2023-09-16,5736,19933.0,1506.0
2023-09-17,5737,35137.0,2859.0
2023-09-18,5738,45121.0,2746.0
2023-09-19,5739,30195.0,1816.0
2023-09-20,5740,17544.0,1374.0
2023-09-21,5741,27908.0,1801.0
2023-09-22,5742,20512.0,1813.0
2023-09-23,5743,89333.0,3886.0
2023-09-24,5744,40465.0,2130.0
2023-09-25,5745,50229.0,2187.0
2023-09-26,5746,45937.0,2704.0
2023-09-27,5747,56344.0,2146.0
2023-09-28,5748,7039.0,482.0
2023-09-29,5749,14574.0,838.0
2023-09-30,5750,15422.0,690.0
2023-10-01,5751,674.0,69.0
2023-10-02,5752,1612.0,208.0
2023-10-03,5753,7039.0,666.0
2023-10-04,5754,198.0,36.0
2023-10-05,5755,1505.0,107.0
2023-10-06,5756,1144.0,137.0
2023-10-07,5757,853.0,75.0
2023-10-08,5758,152.0,21.0
2023-10-09,5759,16.0,2.0
2023-10-10,5760,156.0,24.0
2023-10-11,5761,9859.0,358.0
2023-10-12,5762,4298.0,214.0
2023-10-13,5763,2522.0,193.0
2023-10-14,5764,1150.0,175.0
2023-10-15,5765,5594.0,425.0
2023-10-16,5766,7558.0,430.0
2023-10-17,5767,48682.0,1047.0
2023-10-18,5768,2865.0,245.0
2023-10-19,5769,6514.0,559.0
2023-10-20,5770,6657.0,687.0
2023-10-21,5771,45002.0,2060.0
2023-10-22,5772,3858.0,304.0
2023-10-23,5773,4921.0,491.0
2023-10-24,5774,7634.0,593.0
2023-10-25,5775,4114.0,363.0
2023-10-26,5776,13323.0,569.0
2023-10-27,5777,5603.0,768.0
2023-10-28,5778,3764.0,613.0
2023-10-29,5779,1849.0,267.0
2023-10-30,5780,11890.0,1121.0
2023-10-31,5781,24967.0,1442.0
2023-11-01,5782,3033.0,274.0
2023-11-02,5783,11935.0,894.0
2023-11-03,5784,16450.0,1591.0
2023-11-04,5785,19700.0,1274.0
2023-11-05,5786,844.0,136.0
2023-11-06,5787,419.0,68.0
2023-11-07,5788,7024.0,667.0
2023-11-08,5789,7899.0,612.0
2023-11-09,5790,765.0,148.0
2023-11-10,5791,68946.0,1898.0
2023-11-11,5792,12219.0,752.0
2023-11-12,5793,1086.0,177.0
2023-11-13,5794,14789.0,720.0
2023-11-14,5795,174.0,36.0
2023-11-15,5796,154.0,24.0
2023-11-16,5797,21.0,2.0
2023-11-17,5798,2081.0,241.0
2023-11-18,5799,146.0,15.0
2023-11-19,5800,66.0,8.0
2023-11-20,5801,30.0,0.0
2023-11-21,5802,7145.0,839.0
2023-11-22,5803,31680.0,2706.0
2023-11-23,5804,16230.0,1290.0
2023-11-24,5805,30072.0,1571.0
2023-11-25,5806,10916.0,1194.0
2023-11-26,5807,461.0,92.0
2023-11-27,5808,124.0,24.0
2023-11-28,5809,4465.0,625.0
2023-11-29,5810,231.0,29.0
2023-11-30,5811,129.0,22.0
2023-12-01,5812,56.0,7.0
2023-12-02,5813,3365.0,372.0
2023-12-03,5814,661.0,97.0
2023-12-04,5815,5478.0,504.0
2023-12-05,5816,5763.0,659.0
2023-12-06,5817,649.0,108.0
2023-12-07,5818,911.0,164.0
2023-12-08,5819,831.0,102.0
2023-12-09,5820,205.0,40.0
2023-12-10,5821,1104.0,194.0
2023-12-11,5822,124.0,27.0
2023-12-12,5823,137.0,27.0
2023-12-13,5824,241.0,46.0
2023-12-14,5825,4277.0,421.0
2023-12-15,5826,7971.0,1057.0
2023-12-16,5827,2680.0,351.0
2023-12-17,5828,1022.0,133.0
2023-12-18,5829,534.0,88.0
2023-12-19,5830,313.0,58.0
2023-12-20,5831,2189.0,363.0
2023-12-21,5832,1475.0,268.0
2023-12-22,5833,1476.0,259.0
2023-12-23,5834,144.0,28.0
2023-12-24,5835,18.0,3.0
2023-12-25,5836,30.0,3.0
2023-12-26,5837,21.0,3.0
2023-12-27,5838,565.0,97.0
2023-12-28,5839,474.0,94.0
2023-12-29,5840,379.0,65.0
2023-12-30,5841,290.0,48.0
2023-12-31,5842,455.0,92.0
